Minute,TechLevel,Resources,Buildings,ResearchCompleted
0,Animal,"WoodLog=0.1","",""
1,Animal,"WoodLog=60.1","",""
6,Animal,"WoodLog=260.1","","Agriculture;ControlledFire"
7,Animal,"WoodLog=320.1","","Agriculture;ControlledFire"
8,Animal,"WoodLog=380.1","","Agriculture;ControlledFire"
9,Animal,"WoodLog=400.1","","Agriculture;AnimalHusbandry;ControlledFire"
10,Animal,"WoodLog=460.1","","Agriculture;AnimalHusbandry;ControlledFire"
11,Animal,"WoodLog=520.1","","Agriculture;AnimalHusbandry;ControlledFire"
12,Animal,"WoodLog=580.1","","Agriculture;AnimalHusbandry;ControlledFire"
13,Animal,"Clay=67.5;WoodLog=60.1","ClayPit=1","Agriculture;AnimalHusbandry;ClayExtraction;ControlledFire"
14,Animal,"Clay=180;WoodLog=28.9","ClayPit=2","Agriculture;AnimalHusbandry;ClayExtraction;ControlledFire"
15,Animal,"Clay=360;WoodLog=88.9","ClayPit=2","Agriculture;AnimalHusbandry;ClayExtraction;ControlledFire;Quarry"
16,Animal,"Clay=585;WoodLog=44.93","ClayPit=3","Agriculture;AnimalHusbandry;ClayExtraction;ControlledFire;Quarry"
17,Animal,"Clay=855;WoodLog=104.93","ClayPit=3","Agriculture;AnimalHusbandry;ClayExtraction;ControlledFire;Quarry"
18,Animal,"Clay=1125;WoodLog=164.93","ClayPit=3","Agriculture;AnimalHusbandry;ClayExtraction;ControlledFire;Quarry"
19,Animal,"Clay=1395;WoodLog=224.93","ClayPit=3","Agriculture;AnimalHusbandry;ClayExtraction;ControlledFire;Quarry"
20,Animal,"Clay=1665;WoodLog=284.93","ClayPit=3","Agriculture;AnimalHusbandry;ClayExtraction;ControlledFire;Quarry"
81,Animal,"Clay=18135;PlantFiber=22.5;StoneChunk=10;WoodLog=3014.93","ClayPit=3;FiberGatheringCamp=1;Lumberyard=1;Quarry=1","Agriculture;AnimalHusbandry;ClayExtraction;ControlledFire;FishingTechniques;ForagingGroups;Mining;Mining_Copper;Quarry;StoneTools;TreeCultivate"
82,Animal,"Clay=18405;PlantFiber=112.5;StoneChunk=99.66;WoodLog=3018.35","ClayPit=3;FiberGatheringCamp=1;Lumberyard=3;Quarry=3","Agriculture;AnimalHusbandry;ClayExtraction;ControlledFire;FishingTechniques;ForagingGroups;Mining;Mining_Copper;Quarry;StoneTools;TreeCultivate"
83,Animal,"Clay=18675;PlantFiber=315;StoneChunk=459.66;WoodLog=3831.98","ClayPit=3;FiberGatheringCamp=3;Lumberyard=3;Quarry=3","Agriculture;AnimalHusbandry;ClayExtraction;ControlledFire;FishingTechniques;ForagingGroups;Mining;Mining_Copper;Quarry;StoneTools;TreeCultivate"
84,Animal,"Clay=18945;PlantFiber=585;StoneChunk=819.66;WoodLog=4791.98","ClayPit=3;FiberGatheringCamp=3;Lumberyard=3;Quarry=3","Agriculture;AnimalHusbandry;ClayExtraction;ControlledFire;FishingTechniques;ForagingGroups;Mining;Mining_Copper;Quarry;StoneTools;TreeCultivate"
85,Animal,"Clay=19215;PlantFiber=855;StoneChunk=1179.66;WoodLog=5751.98","ClayPit=3;FiberGatheringCamp=3;Lumberyard=3;Quarry=3","Agriculture;AnimalHusbandry;ClayExtraction;ControlledFire;FishingTechniques;ForagingGroups;Mining;Mining_Copper;Quarry;StoneTools;TreeCultivate"
86,Animal,"Clay=19485;PlantFiber=1125;StoneChunk=1539.65;WoodLog=6711.98","ClayPit=3;FiberGatheringCamp=3;Lumberyard=3;Quarry=3","Agriculture;AnimalHusbandry;ClayExtraction;ControlledFire;FishingTechniques;ForagingGroups;Mining;Mining_Copper;Quarry;StoneTools;TreeCultivate"
87,Animal,"Clay=19755;PlantFiber=1395;StoneChunk=1899.65;WoodLog=7671.98","ClayPit=3;FiberGatheringCamp=3;Lumberyard=3;Quarry=3","Agriculture;AnimalHusbandry;ClayExtraction;ControlledFire;FishingTechniques;ForagingGroups;Mining;Mining_Copper;Quarry;StoneTools;TreeCultivate"
88,Animal,"Clay=20025;PlantFiber=1665;StoneChunk=2259.65;WoodLog=8631.98","ClayPit=3;FiberGatheringCamp=3;Lumberyard=3;Quarry=3","Agriculture;AnimalHusbandry;ClayExtraction;ControlledFire;FishingTechniques;ForagingGroups;Mining;Mining_Copper;Quarry;StoneTools;TreeCultivate"
89,Animal,"Clay=20295;PlantFiber=1935;StoneChunk=2619.65;WoodLog=9591.98","ClayPit=3;FiberGatheringCamp=3;Lumberyard=3;Quarry=3","Agriculture;AnimalHusbandry;ClayExtraction;ControlledFire;FishingTechniques;ForagingGroups;Mining;Mining_Copper;Quarry;StoneTools;TreeCultivate"
90,Animal,"Clay=20465;PlantFiber=2105;StoneChunk=2729.65;WoodLog=10201.98","ClayPit=3;FiberGatheringCamp=3;Lumberyard=3;Quarry=3;StoneCuttingWorkshop=1","Agriculture;AnimalHusbandry;ClayExtraction;ControlledFire;FishingTechniques;ForagingGroups;Mining;Mining_Copper;Quarry;StoneCutting;StoneTools;TreeCultivate"
91,Animal,"Clay=20735;PlantFiber=2375;StoneBrick=135;StoneChunk=2572.4;WoodLog=10914.73","ClayPit=3;FiberGatheringCamp=3;Lumberyard=3;Quarry=3;StoneCuttingWorkshop=3","Agriculture;AnimalHusbandry;ClayExtraction;ControlledFire;FishingTechniques;ForagingGroups;Mining;Mining_Copper;Quarry;StoneCutting;StoneTools;TreeCultivate"
92,Animal,"Clay=21005;PlantFiber=2645;StoneBrick=315;StoneChunk=2572.4;WoodLog=11874.73","ClayPit=3;FiberGatheringCamp=3;Lumberyard=3;Quarry=3;StoneCuttingWorkshop=3","Agriculture;AnimalHusbandry;ClayExtraction;ControlledFire;FishingTechniques;ForagingGroups;Mining;Mining_Copper;Quarry;StoneCutting;StoneTools;TreeCultivate"
93,Animal,"Clay=21275;PlantFiber=2915;StoneBrick=495;StoneChunk=2572.4;WoodLog=12834.73","ClayPit=3;FiberGatheringCamp=3;Lumberyard=3;Quarry=3;StoneCuttingWorkshop=3","Agriculture;AnimalHusbandry;ClayExtraction;ControlledFire;FishingTechniques;ForagingGroups;Mining;Mining_Copper;Quarry;StoneCutting;StoneTools;TreeCultivate"
94,Animal,"Clay=21545;PlantFiber=3185;StoneBrick=675;StoneChunk=2572.4;WoodLog=13794.73","ClayPit=3;FiberGatheringCamp=3;Lumberyard=3;Quarry=3;StoneCuttingWorkshop=3","Agriculture;AnimalHusbandry;ClayExtraction;ControlledFire;FishingTechniques;ForagingGroups;Mining;Mining_Copper;Quarry;StoneCutting;StoneTools;TreeCultivate"
95,Animal,"Clay=21815;PlantFiber=3455;StoneBrick=855;StoneChunk=2572.4;WoodLog=14754.73","ClayPit=3;FiberGatheringCamp=3;Lumberyard=3;Quarry=3;StoneCuttingWorkshop=3","Agriculture;AnimalHusbandry;ClayExtraction;ControlledFire;FishingTechniques;ForagingGroups;Mining;Mining_Copper;Quarry;StoneCutting;StoneTools;TreeCultivate"
96,Animal,"Clay=22085;PlantFiber=3725;StoneBrick=1035;StoneChunk=2572.4;WoodLog=15714.73","ClayPit=3;FiberGatheringCamp=3;Lumberyard=3;Quarry=3;StoneCuttingWorkshop=3","Agriculture;AnimalHusbandry;ClayExtraction;ControlledFire;FishingTechniques;ForagingGroups;Mining;Mining_Copper;Quarry;StoneCutting;StoneTools;TreeCultivate"
97,Animal,"Clay=22355;PlantFiber=3995;StoneBrick=1215;StoneChunk=2572.4;WoodLog=16674.73","ClayPit=3;FiberGatheringCamp=3;Lumberyard=3;Quarry=3;StoneCuttingWorkshop=3","Agriculture;AnimalHusbandry;ClayExtraction;ControlledFire;FishingTechniques;ForagingGroups;Mining;Mining_Copper;Quarry;StoneCutting;StoneTools;TreeCultivate"
98,Animal,"Clay=22625;PlantFiber=4265;StoneBrick=1395;StoneChunk=2572.4;WoodLog=17634.73","ClayPit=3;FiberGatheringCamp=3;Lumberyard=3;Quarry=3;StoneCuttingWorkshop=3","Agriculture;AnimalHusbandry;ClayExtraction;ControlledFire;FishingTechniques;ForagingGroups;Mining;Mining_Copper;Quarry;StoneCutting;StoneTools;TreeCultivate"
99,Animal,"Clay=22895;PlantFiber=4535;StoneBrick=1575;StoneChunk=2572.4;WoodLog=18594.73","ClayPit=3;FiberGatheringCamp=3;Lumberyard=3;Quarry=3;StoneCuttingWorkshop=3","Agriculture;AnimalHusbandry;ClayExtraction;ControlledFire;FishingTechniques;ForagingGroups;Mining;Mining_Copper;Quarry;StoneCutting;StoneTools;TreeCultivate"
100,Animal,"Clay=23165;PlantFiber=4805;StoneBrick=1755;StoneChunk=2572.4;WoodLog=19554.73","ClayPit=3;FiberGatheringCamp=3;Lumberyard=3;Quarry=3;StoneCuttingWorkshop=3","Agriculture;AnimalHusbandry;ClayExtraction;ControlledFire;FishingTechniques;ForagingGroups;Mining;Mining_Copper;Quarry;StoneCutting;StoneTools;TreeCultivate"
101,Animal,"Clay=23435;PlantFiber=5075;StoneBrick=1935;StoneChunk=2572.4;WoodLog=20514.73","ClayPit=3;FiberGatheringCamp=3;Lumberyard=3;Quarry=3;StoneCuttingWorkshop=3","Agriculture;AnimalHusbandry;ClayExtraction;ControlledFire;FishingTechniques;ForagingGroups;Mining;Mining_Copper;Quarry;StoneCutting;StoneTools;TreeCultivate"
102,Animal,"Clay=23705;PlantFiber=5345;StoneBrick=2115;StoneChunk=2572.4;WoodLog=21474.73","ClayPit=3;FiberGatheringCamp=3;Lumberyard=3;Quarry=3;StoneCuttingWorkshop=3","Agriculture;AnimalHusbandry;ClayExtraction;ControlledFire;FishingTechniques;ForagingGroups;Mining;Mining_Copper;Quarry;StoneCutting;StoneTools;TreeCultivate"
103,Animal,"Clay=23975;PlantFiber=5615;StoneBrick=2295;StoneChunk=2572.4;WoodLog=22434.73","ClayPit=3;FiberGatheringCamp=3;Lumberyard=3;Quarry=3;StoneCuttingWorkshop=3","Agriculture;AnimalHusbandry;ClayExtraction;ControlledFire;FishingTechniques;ForagingGroups;Mining;Mining_Copper;Quarry;StoneCutting;StoneTools;TreeCultivate"
104,Animal,"Clay=24245;PlantFiber=5885;StoneBrick=2475;StoneChunk=2572.4;WoodLog=23394.73","ClayPit=3;FiberGatheringCamp=3;Lumberyard=3;Quarry=3;StoneCuttingWorkshop=3","Agriculture;AnimalHusbandry;ClayExtraction;ControlledFire;FishingTechniques;ForagingGroups;Mining;Mining_Copper;Quarry;StoneCutting;StoneTools;TreeCultivate"
105,Animal,"Clay=24515;PlantFiber=6155;StoneBrick=2655;StoneChunk=2572.4;WoodLog=24354.73","ClayPit=3;FiberGatheringCamp=3;Lumberyard=3;Quarry=3;StoneCuttingWorkshop=3","Agriculture;AnimalHusbandry;ClayExtraction;ControlledFire;FishingTechniques;ForagingGroups;Mining;Mining_Copper;Quarry;StoneCutting;StoneTools;TreeCultivate"
106,Animal,"Clay=24785;PlantFiber=6425;StoneBrick=2835;StoneChunk=2572.4;WoodLog=25314.73","ClayPit=3;FiberGatheringCamp=3;Lumberyard=3;Quarry=3;StoneCuttingWorkshop=3","Agriculture;AnimalHusbandry;ClayExtraction;ControlledFire;FishingTechniques;ForagingGroups;Mining;Mining_Copper;Quarry;StoneCutting;StoneTools;TreeCultivate"
107,Animal,"Clay=25055;PlantFiber=6695;StoneBrick=3015;StoneChunk=2572.4;WoodLog=26274.73","ClayPit=3;FiberGatheringCamp=3;Lumberyard=3;Quarry=3;StoneCuttingWorkshop=3","Agriculture;AnimalHusbandry;ClayExtraction;ControlledFire;FishingTechniques;ForagingGroups;Mining;Mining_Copper;Quarry;StoneCutting;StoneTools;TreeCultivate"
108,Animal,"Clay=25325;PlantFiber=6965;StoneBrick=3195;StoneChunk=2572.4;WoodLog=27234.73","ClayPit=3;FiberGatheringCamp=3;Lumberyard=3;Quarry=3;StoneCuttingWorkshop=3","Agriculture;AnimalHusbandry;ClayExtraction;ControlledFire;FishingTechniques;ForagingGroups;Mining;Mining_Copper;Quarry;StoneCutting;StoneTools;TreeCultivate"
109,Animal,"Clay=25595;PlantFiber=7235;StoneBrick=3375;StoneChunk=2572.4;WoodLog=28194.73","ClayPit=3;FiberGatheringCamp=3;Lumberyard=3;Quarry=3;StoneCuttingWorkshop=3","Agriculture;AnimalHusbandry;ClayExtraction;ControlledFire;FishingTechniques;ForagingGroups;Mining;Mining_Copper;Quarry;StoneCutting;StoneTools;TreeCultivate"
110,Animal,"Clay=25865;PlantFiber=7505;StoneBrick=3555;StoneChunk=2572.4;WoodLog=29154.73","ClayPit=3;FiberGatheringCamp=3;Lumberyard=3;Quarry=3;StoneCuttingWorkshop=3","Agriculture;AnimalHusbandry;ClayExtraction;ControlledFire;FishingTechniques;ForagingGroups;Mining;Mining_Copper;Quarry;StoneCutting;StoneTools;TreeCultivate"
111,Animal,"Clay=26135;PlantFiber=7775;StoneBrick=3735;StoneChunk=2572.4;WoodLog=30114.73","ClayPit=3;FiberGatheringCamp=3;Lumberyard=3;Quarry=3;StoneCuttingWorkshop=3","Agriculture;AnimalHusbandry;ClayExtraction;ControlledFire;FishingTechniques;ForagingGroups;Mining;Mining_Copper;Quarry;StoneCutting;StoneTools;TreeCultivate"
112,Animal,"Clay=26405;PlantFiber=8045;StoneBrick=3915;StoneChunk=2572.4;WoodLog=31074.73","ClayPit=3;FiberGatheringCamp=3;Lumberyard=3;Quarry=3;StoneCuttingWorkshop=3","Agriculture;AnimalHusbandry;ClayExtraction;ControlledFire;FishingTechniques;ForagingGroups;Mining;Mining_Copper;Quarry;StoneCutting;StoneTools;TreeCultivate"
113,Animal,"Clay=26675;PlantFiber=8315;StoneBrick=4095;StoneChunk=2572.4;WoodLog=32034.73","ClayPit=3;FiberGatheringCamp=3;Lumberyard=3;Quarry=3;StoneCuttingWorkshop=3","Agriculture;AnimalHusbandry;ClayExtraction;ControlledFire;FishingTechniques;ForagingGroups;Mining;Mining_Copper;Quarry;StoneCutting;StoneTools;TreeCultivate"
114,Animal,"Clay=26945;PlantFiber=8585;StoneBrick=4275;StoneChunk=2572.4;WoodLog=32994.73","ClayPit=3;FiberGatheringCamp=3;Lumberyard=3;Quarry=3;StoneCuttingWorkshop=3","Agriculture;AnimalHusbandry;ClayExtraction;ControlledFire;FishingTechniques;ForagingGroups;Mining;Mining_Copper;Quarry;StoneCutting;StoneTools;TreeCultivate"
115,Animal,"Clay=27215;PlantFiber=8855;StoneBrick=4455;StoneChunk=2572.4;WoodLog=33954.73","ClayPit=3;FiberGatheringCamp=3;Lumberyard=3;Quarry=3;StoneCuttingWorkshop=3","Agriculture;AnimalHusbandry;ClayExtraction;ControlledFire;FishingTechniques;ForagingGroups;Mining;Mining_Copper;Quarry;StoneCutting;StoneTools;TreeCultivate"
116,Animal,"Clay=27485;PlantFiber=9125;StoneBrick=4635;StoneChunk=2572.4;WoodLog=34914.73","ClayPit=3;FiberGatheringCamp=3;Lumberyard=3;Quarry=3;StoneCuttingWorkshop=3","Agriculture;AnimalHusbandry;ClayExtraction;ControlledFire;FishingTechniques;ForagingGroups;Mining;Mining_Copper;Quarry;StoneCutting;StoneTools;TreeCultivate"
117,Animal,"Clay=27755;PlantFiber=9395;StoneBrick=4815;StoneChunk=2572.4;WoodLog=35874.73","ClayPit=3;FiberGatheringCamp=3;Lumberyard=3;Quarry=3;StoneCuttingWorkshop=3","Agriculture;AnimalHusbandry;ClayExtraction;ControlledFire;FishingTechniques;ForagingGroups;Mining;Mining_Copper;Quarry;StoneCutting;StoneTools;TreeCultivate"
118,Animal,"Clay=28025;PlantFiber=9665;StoneBrick=4995;StoneChunk=2572.4;WoodLog=36834.73","ClayPit=3;FiberGatheringCamp=3;Lumberyard=3;Quarry=3;StoneCuttingWorkshop=3","Agriculture;AnimalHusbandry;ClayExtraction;ControlledFire;FishingTechniques;ForagingGroups;Mining;Mining_Copper;Quarry;StoneCutting;StoneTools;TreeCultivate"
119,Animal,"Clay=28295;PlantFiber=9935;StoneBrick=5175;StoneChunk=2572.4;WoodLog=37794.73","ClayPit=3;FiberGatheringCamp=3;Lumberyard=3;Quarry=3;StoneCuttingWorkshop=3","Agriculture;AnimalHusbandry;ClayExtraction;ControlledFire;FishingTechniques;ForagingGroups;Mining;Mining_Copper;Quarry;StoneCutting;StoneTools;TreeCultivate"
120,Animal,"Clay=28565;PlantFiber=10205;StoneBrick=5355;StoneChunk=2572.4;WoodLog=38754.73","ClayPit=3;FiberGatheringCamp=3;Lumberyard=3;Quarry=3;StoneCuttingWorkshop=3","Agriculture;AnimalHusbandry;ClayExtraction;ControlledFire;FishingTechniques;ForagingGroups;Mining;Mining_Copper;Quarry;StoneCutting;StoneTools;TreeCultivate"
121,Animal,"Clay=28835;PlantFiber=10475;StoneBrick=5535;StoneChunk=2572.4;WoodLog=39714.73","ClayPit=3;FiberGatheringCamp=3;Lumberyard=3;Quarry=3;StoneCuttingWorkshop=3","Agriculture;AnimalHusbandry;ClayExtraction;ControlledFire;FishingTechniques;ForagingGroups;Mining;Mining_Copper;Quarry;StoneCutting;StoneTools;TreeCultivate"
122,Animal,"Clay=29105;PlantFiber=10745;StoneBrick=5715;StoneChunk=2572.4;WoodLog=40674.73","ClayPit=3;FiberGatheringCamp=3;Lumberyard=3;Quarry=3;StoneCuttingWorkshop=3","Agriculture;AnimalHusbandry;ClayExtraction;ControlledFire;FishingTechniques;ForagingGroups;Mining;Mining_Copper;Quarry;StoneCutting;StoneTools;TreeCultivate"
123,Animal,"Clay=29375;PlantFiber=11015;StoneBrick=5895;StoneChunk=2572.4;WoodLog=41634.73","ClayPit=3;FiberGatheringCamp=3;Lumberyard=3;Quarry=3;StoneCuttingWorkshop=3","Agriculture;AnimalHusbandry;ClayExtraction;ControlledFire;FishingTechniques;ForagingGroups;Mining;Mining_Copper;Quarry;StoneCutting;StoneTools;TreeCultivate"
124,Animal,"Clay=29645;PlantFiber=11285;StoneBrick=6075;StoneChunk=2572.4;WoodLog=42594.73","ClayPit=3;FiberGatheringCamp=3;Lumberyard=3;Quarry=3;StoneCuttingWorkshop=3","Agriculture;AnimalHusbandry;ClayExtraction;ControlledFire;FishingTechniques;ForagingGroups;Mining;Mining_Copper;Quarry;StoneCutting;StoneTools;TreeCultivate"
125,Animal,"Clay=29915;PlantFiber=11555;StoneBrick=6255;StoneChunk=2572.4;WoodLog=43554.73","ClayPit=3;FiberGatheringCamp=3;Lumberyard=3;Quarry=3;StoneCuttingWorkshop=3","Agriculture;AnimalHusbandry;ClayExtraction;ControlledFire;FishingTechniques;ForagingGroups;Mining;Mining_Copper;Quarry;StoneCutting;StoneTools;TreeCultivate"
126,Animal,"Clay=30185;PlantFiber=11825;StoneBrick=6435;StoneChunk=2572.4;WoodLog=44514.73","ClayPit=3;FiberGatheringCamp=3;Lumberyard=3;Quarry=3;StoneCuttingWorkshop=3","Agriculture;AnimalHusbandry;ClayExtraction;ControlledFire;FishingTechniques;ForagingGroups;Mining;Mining_Copper;Quarry;StoneCutting;StoneTools;TreeCultivate"
127,Animal,"Clay=30455;PlantFiber=12095;StoneBrick=6615;StoneChunk=2572.4;WoodLog=45474.73","ClayPit=3;FiberGatheringCamp=3;Lumberyard=3;Quarry=3;StoneCuttingWorkshop=3","Agriculture;AnimalHusbandry;ClayExtraction;ControlledFire;FishingTechniques;ForagingGroups;Mining;Mining_Copper;Quarry;StoneCutting;StoneTools;TreeCultivate"
128,Animal,"Clay=30725;PlantFiber=12365;StoneBrick=6795;StoneChunk=2572.4;WoodLog=46434.73","ClayPit=3;FiberGatheringCamp=3;Lumberyard=3;Quarry=3;StoneCuttingWorkshop=3","Agriculture;AnimalHusbandry;ClayExtraction;ControlledFire;FishingTechniques;ForagingGroups;Mining;Mining_Copper;Quarry;StoneCutting;StoneTools;TreeCultivate"
129,Animal,"Clay=30995;PlantFiber=12635;StoneBrick=6975;StoneChunk=2572.4;WoodLog=47394.73","ClayPit=3;FiberGatheringCamp=3;Lumberyard=3;Quarry=3;StoneCuttingWorkshop=3","Agriculture;AnimalHusbandry;ClayExtraction;ControlledFire;FishingTechniques;ForagingGroups;Mining;Mining_Copper;Quarry;StoneCutting;StoneTools;TreeCultivate"
130,Animal,"Clay=31265;PlantFiber=12905;StoneBrick=7155;StoneChunk=2572.4;WoodLog=48354.73","ClayPit=3;FiberGatheringCamp=3;Lumberyard=3;Quarry=3;StoneCuttingWorkshop=3","Agriculture;AnimalHusbandry;ClayExtraction;ControlledFire;FishingTechniques;ForagingGroups;Mining;Mining_Copper;Quarry;StoneCutting;StoneTools;TreeCultivate"
131,Animal,"Clay=31535;PlantFiber=13175;StoneBrick=7335;StoneChunk=2572.4;WoodLog=49314.73","ClayPit=3;FiberGatheringCamp=3;Lumberyard=3;Quarry=3;StoneCuttingWorkshop=3","Agriculture;AnimalHusbandry;ClayExtraction;ControlledFire;FishingTechniques;ForagingGroups;Mining;Mining_Copper;Quarry;StoneCutting;StoneTools;TreeCultivate"
132,Animal,"Clay=31805;PlantFiber=13445;StoneBrick=7515;StoneChunk=2572.4;WoodLog=50274.73","ClayPit=3;FiberGatheringCamp=3;Lumberyard=3;Quarry=3;StoneCuttingWorkshop=3","Agriculture;AnimalHusbandry;ClayExtraction;ControlledFire;FishingTechniques;ForagingGroups;Mining;Mining_Copper;Quarry;StoneCutting;StoneTools;TreeCultivate"
133,Animal,"Clay=32075;PlantFiber=13715;StoneBrick=7695;StoneChunk=2572.4;WoodLog=51234.73","ClayPit=3;FiberGatheringCamp=3;Lumberyard=3;Quarry=3;StoneCuttingWorkshop=3","Agriculture;AnimalHusbandry;ClayExtraction;ControlledFire;FishingTechniques;ForagingGroups;Mining;Mining_Copper;Quarry;StoneCutting;StoneTools;TreeCultivate"
134,Animal,"Clay=32345;PlantFiber=13985;StoneBrick=7875;StoneChunk=2572.4;WoodLog=52194.73","ClayPit=3;FiberGatheringCamp=3;Lumberyard=3;Quarry=3;StoneCuttingWorkshop=3","Agriculture;AnimalHusbandry;ClayExtraction;ControlledFire;FishingTechniques;ForagingGroups;Mining;Mining_Copper;Quarry;StoneCutting;StoneTools;TreeCultivate"
135,Animal,"Clay=32615;PlantFiber=14255;StoneBrick=8055;StoneChunk=2572.4;WoodLog=53154.73","ClayPit=3;FiberGatheringCamp=3;Lumberyard=3;Quarry=3;StoneCuttingWorkshop=3","Agriculture;AnimalHusbandry;ClayExtraction;ControlledFire;FishingTechniques;ForagingGroups;Mining;Mining_Copper;Quarry;StoneCutting;StoneTools;TreeCultivate"
136,Animal,"Clay=32885;PlantFiber=14525;StoneBrick=8235;StoneChunk=2572.4;WoodLog=54114.73","ClayPit=3;FiberGatheringCamp=3;Lumberyard=3;Quarry=3;StoneCuttingWorkshop=3","Agriculture;AnimalHusbandry;ClayExtraction;ControlledFire;FishingTechniques;ForagingGroups;Mining;Mining_Copper;Quarry;StoneCutting;StoneTools;TreeCultivate"
137,Animal,"Clay=33155;PlantFiber=14795;StoneBrick=8415;StoneChunk=2572.4;WoodLog=55074.73","ClayPit=3;FiberGatheringCamp=3;Lumberyard=3;Quarry=3;StoneCuttingWorkshop=3","Agriculture;AnimalHusbandry;ClayExtraction;ControlledFire;FishingTechniques;ForagingGroups;Mining;Mining_Copper;Quarry;StoneCutting;StoneTools;TreeCultivate"
138,Animal,"Clay=33425;PlantFiber=15065;StoneBrick=8595;StoneChunk=2572.4;WoodLog=56034.73","ClayPit=3;FiberGatheringCamp=3;Lumberyard=3;Quarry=3;StoneCuttingWorkshop=3","Agriculture;AnimalHusbandry;ClayExtraction;ControlledFire;FishingTechniques;ForagingGroups;Mining;Mining_Copper;Quarry;StoneCutting;StoneTools;TreeCultivate"
139,Animal,"Clay=33695;PlantFiber=15335;StoneBrick=8775;StoneChunk=2572.4;WoodLog=56994.73","ClayPit=3;FiberGatheringCamp=3;Lumberyard=3;Quarry=3;StoneCuttingWorkshop=3","Agriculture;AnimalHusbandry;ClayExtraction;ControlledFire;FishingTechniques;ForagingGroups;Mining;Mining_Copper;Quarry;StoneCutting;StoneTools;TreeCultivate"
140,Animal,"Clay=33965;PlantFiber=15605;StoneBrick=8955;StoneChunk=2572.4;WoodLog=57954.73","ClayPit=3;FiberGatheringCamp=3;Lumberyard=3;Quarry=3;StoneCuttingWorkshop=3","Agriculture;AnimalHusbandry;ClayExtraction;ControlledFire;FishingTechniques;ForagingGroups;Mining;Mining_Copper;Quarry;StoneCutting;StoneTools;TreeCultivate"
141,Animal,"Clay=34235;PlantFiber=15875;StoneBrick=9135;StoneChunk=2572.4;WoodLog=58914.73","ClayPit=3;FiberGatheringCamp=3;Lumberyard=3;Quarry=3;StoneCuttingWorkshop=3","Agriculture;AnimalHusbandry;ClayExtraction;ControlledFire;FishingTechniques;ForagingGroups;Mining;Mining_Copper;Quarry;StoneCutting;StoneTools;TreeCultivate"
142,Animal,"Clay=34505;PlantFiber=16145;StoneBrick=9315;StoneChunk=2572.4;WoodLog=59874.73","ClayPit=3;FiberGatheringCamp=3;Lumberyard=3;Quarry=3;StoneCuttingWorkshop=3","Agriculture;AnimalHusbandry;ClayExtraction;ControlledFire;FishingTechniques;ForagingGroups;Mining;Mining_Copper;Quarry;StoneCutting;StoneTools;TreeCultivate"
143,Animal,"Clay=34775;PlantFiber=16415;StoneBrick=9495;StoneChunk=2572.4;WoodLog=60834.73","ClayPit=3;FiberGatheringCamp=3;Lumberyard=3;Quarry=3;StoneCuttingWorkshop=3","Agriculture;AnimalHusbandry;ClayExtraction;ControlledFire;FishingTechniques;ForagingGroups;Mining;Mining_Copper;Quarry;StoneCutting;StoneTools;TreeCultivate"
144,Animal,"Clay=35045;PlantFiber=16685;StoneBrick=9675;StoneChunk=2572.4;WoodLog=61794.73","ClayPit=3;FiberGatheringCamp=3;Lumberyard=3;Quarry=3;StoneCuttingWorkshop=3","Agriculture;AnimalHusbandry;ClayExtraction;ControlledFire;FishingTechniques;ForagingGroups;Mining;Mining_Copper;Quarry;StoneCutting;StoneTools;TreeCultivate"
145,Animal,"Clay=35315;PlantFiber=16955;StoneBrick=9855;StoneChunk=2572.4;WoodLog=62754.73","ClayPit=3;FiberGatheringCamp=3;Lumberyard=3;Quarry=3;StoneCuttingWorkshop=3","Agriculture;AnimalHusbandry;ClayExtraction;ControlledFire;FishingTechniques;ForagingGroups;Mining;Mining_Copper;Quarry;StoneCutting;StoneTools;TreeCultivate"
146,Animal,"Clay=35585;PlantFiber=17225;StoneBrick=10035;StoneChunk=2572.4;WoodLog=63714.73","ClayPit=3;FiberGatheringCamp=3;Lumberyard=3;Quarry=3;StoneCuttingWorkshop=3","Agriculture;AnimalHusbandry;ClayExtraction;ControlledFire;FishingTechniques;ForagingGroups;Mining;Mining_Copper;Quarry;StoneCutting;StoneTools;TreeCultivate"
147,Animal,"Clay=35855;PlantFiber=17495;StoneBrick=10215;StoneChunk=2572.4;WoodLog=64674.73","ClayPit=3;FiberGatheringCamp=3;Lumberyard=3;Quarry=3;StoneCuttingWorkshop=3","Agriculture;AnimalHusbandry;ClayExtraction;ControlledFire;FishingTechniques;ForagingGroups;Mining;Mining_Copper;Quarry;StoneCutting;StoneTools;TreeCultivate"
148,Animal,"Clay=36125;PlantFiber=17765;StoneBrick=10395;StoneChunk=2572.4;WoodLog=65634.73","ClayPit=3;FiberGatheringCamp=3;Lumberyard=3;Quarry=3;StoneCuttingWorkshop=3","Agriculture;AnimalHusbandry;ClayExtraction;ControlledFire;FishingTechniques;ForagingGroups;Mining;Mining_Copper;Quarry;StoneCutting;StoneTools;TreeCultivate"
149,Animal,"Clay=36395;PlantFiber=18035;StoneBrick=10575;StoneChunk=2572.4;WoodLog=66594.73","ClayPit=3;FiberGatheringCamp=3;Lumberyard=3;Quarry=3;StoneCuttingWorkshop=3","Agriculture;AnimalHusbandry;ClayExtraction;ControlledFire;FishingTechniques;ForagingGroups;Mining;Mining_Copper;Quarry;StoneCutting;StoneTools;TreeCultivate"
150,Animal,"Clay=36665;PlantFiber=18305;StoneBrick=10755;StoneChunk=2572.4;WoodLog=67554.73","ClayPit=3;FiberGatheringCamp=3;Lumberyard=3;Quarry=3;StoneCuttingWorkshop=3","Agriculture;AnimalHusbandry;ClayExtraction;ControlledFire;FishingTechniques;ForagingGroups;Mining;Mining_Copper;Quarry;StoneCutting;StoneTools;TreeCultivate"
151,Animal,"Clay=36935;PlantFiber=18575;StoneBrick=10935;StoneChunk=2572.4;WoodLog=68514.73","ClayPit=3;FiberGatheringCamp=3;Lumberyard=3;Quarry=3;StoneCuttingWorkshop=3","Agriculture;AnimalHusbandry;ClayExtraction;ControlledFire;FishingTechniques;ForagingGroups;Mining;Mining_Copper;Quarry;StoneCutting;StoneTools;TreeCultivate"
152,Animal,"Clay=37205;PlantFiber=18845;StoneBrick=11115;StoneChunk=2572.4;WoodLog=69474.73","ClayPit=3;FiberGatheringCamp=3;Lumberyard=3;Quarry=3;StoneCuttingWorkshop=3","Agriculture;AnimalHusbandry;ClayExtraction;ControlledFire;FishingTechniques;ForagingGroups;Mining;Mining_Copper;Quarry;StoneCutting;StoneTools;TreeCultivate"
153,Neolithic,"Clay=37435;CopperOre=45;PlantFiber=19015;StoneBrick=11295;StoneChunk=2086.25;WoodLog=69809.68","ClayPit=3;CopperMine=3;FiberGatheringCamp=3;Lumberyard=3;Quarry=3;StoneCuttingWorkshop=3","Agriculture;AnimalHusbandry;ClayExtraction;ControlledFire;FishingTechniques;ForagingGroups;Mining;Mining_Copper;NeolithicSettlement;Quarry;StoneCutting;StoneTools;TreeCultivate"
154,Neolithic,"Clay=37705;CopperOre=225;PlantFiber=19285;StoneBrick=11475;StoneChunk=2086.25;WoodLog=70769.68","ClayPit=3;CopperMine=3;FiberGatheringCamp=3;Lumberyard=3;Quarry=3;StoneCuttingWorkshop=3","Agriculture;AnimalHusbandry;ClayExtraction;ControlledFire;FishingTechniques;ForagingGroups;Mining;Mining_Copper;NeolithicSettlement;Quarry;StoneCutting;StoneTools;TreeCultivate"
155,Neolithic,"Clay=37975;CopperOre=405;PlantFiber=19555;StoneBrick=11655;StoneChunk=2086.25;WoodLog=71729.68","ClayPit=3;CopperMine=3;FiberGatheringCamp=3;Lumberyard=3;Quarry=3;StoneCuttingWorkshop=3","Agriculture;AnimalHusbandry;ClayExtraction;ControlledFire;FishingTechniques;ForagingGroups;Mining;Mining_Copper;NeolithicSettlement;Quarry;StoneCutting;StoneTools;TreeCultivate"
156,Neolithic,"Clay=38245;CopperOre=585;PlantFiber=19825;StoneBrick=11835;StoneChunk=2086.25;WoodLog=72689.68","ClayPit=3;CopperMine=3;FiberGatheringCamp=3;Lumberyard=3;Quarry=3;StoneCuttingWorkshop=3","Agriculture;AnimalHusbandry;ClayExtraction;ControlledFire;FishingTechniques;ForagingGroups;Mining;Mining_Copper;NeolithicSettlement;Quarry;StoneCutting;StoneTools;TreeCultivate"
157,Neolithic,"Clay=38515;CopperOre=765;PlantFiber=20095;StoneBrick=12015;StoneChunk=2086.25;WoodLog=73649.68","ClayPit=3;CopperMine=3;FiberGatheringCamp=3;Lumberyard=3;Quarry=3;StoneCuttingWorkshop=3","Agriculture;AnimalHusbandry;ClayExtraction;ControlledFire;FishingTechniques;ForagingGroups;Mining;Mining_Copper;NeolithicSettlement;Quarry;StoneCutting;StoneTools;TreeCultivate"
158,Neolithic,"Clay=38785;CopperOre=945;PlantFiber=20365;StoneBrick=12195;StoneChunk=2086.25;WoodLog=74609.68","ClayPit=3;CopperMine=3;FiberGatheringCamp=3;Lumberyard=3;Quarry=3;StoneCuttingWorkshop=3","Agriculture;AnimalHusbandry;ClayExtraction;ControlledFire;FishingTechniques;ForagingGroups;Mining;Mining_Copper;NeolithicSettlement;Quarry;StoneCutting;StoneTools;TreeCultivate"
159,Neolithic,"Clay=39055;CopperOre=1125;PlantFiber=20635;StoneBrick=12375;StoneChunk=2086.25;WoodLog=75569.68","ClayPit=3;CopperMine=3;FiberGatheringCamp=3;Lumberyard=3;Quarry=3;StoneCuttingWorkshop=3","Agriculture;AnimalHusbandry;ClayExtraction;ControlledFire;FishingTechniques;ForagingGroups;Mining;Mining_Copper;NeolithicSettlement;Quarry;StoneCutting;StoneTools;TreeCultivate"
160,Neolithic,"Clay=39325;CopperOre=1305;PlantFiber=20905;StoneBrick=12555;StoneChunk=2086.25;WoodLog=76529.68","ClayPit=3;CopperMine=3;FiberGatheringCamp=3;Lumberyard=3;Quarry=3;StoneCuttingWorkshop=3","Agriculture;AnimalHusbandry;ClayExtraction;ControlledFire;FishingTechniques;ForagingGroups;Mining;Mining_Copper;NeolithicSettlement;Quarry;StoneCutting;StoneTools;TreeCultivate"
161,Neolithic,"Clay=39595;CopperOre=1485;PlantFiber=21175;StoneBrick=12735;StoneChunk=2086.25;WoodLog=77489.68","ClayPit=3;CopperMine=3;FiberGatheringCamp=3;Lumberyard=3;Quarry=3;StoneCuttingWorkshop=3","Agriculture;AnimalHusbandry;ClayExtraction;ControlledFire;FishingTechniques;ForagingGroups;Mining;Mining_Copper;NeolithicSettlement;Quarry;StoneCutting;StoneTools;TreeCultivate"
162,Neolithic,"Clay=39865;CopperOre=1665;PlantFiber=21445;StoneBrick=12915;StoneChunk=2086.25;WoodLog=78449.68","ClayPit=3;CopperMine=3;FiberGatheringCamp=3;Lumberyard=3;Quarry=3;StoneCuttingWorkshop=3","Agriculture;AnimalHusbandry;ClayExtraction;ControlledFire;FishingTechniques;ForagingGroups;Mining;Mining_Copper;NeolithicSettlement;Quarry;StoneCutting;StoneTools;TreeCultivate"
163,Neolithic,"Clay=40135;CopperOre=1845;PlantFiber=21715;StoneBrick=13095;StoneChunk=2086.25;WoodLog=79409.68","ClayPit=3;CopperMine=3;FiberGatheringCamp=3;Lumberyard=3;Quarry=3;StoneCuttingWorkshop=3","Agriculture;AnimalHusbandry;ClayExtraction;ControlledFire;FishingTechniques;ForagingGroups;Mining;Mining_Copper;NeolithicSettlement;Quarry;StoneCutting;StoneTools;TreeCultivate"
164,Neolithic,"Clay=40405;CopperOre=2025;PlantFiber=21985;StoneBrick=13275;StoneChunk=2086.25;WoodLog=80369.68","ClayPit=3;CopperMine=3;FiberGatheringCamp=3;Lumberyard=3;Quarry=3;StoneCuttingWorkshop=3","Agriculture;AnimalHusbandry;ClayExtraction;ControlledFire;FishingTechniques;ForagingGroups;Mining;Mining_Copper;NeolithicSettlement;Quarry;StoneCutting;StoneTools;TreeCultivate"
165,Neolithic,"Clay=40675;CopperOre=2205;PlantFiber=22255;StoneBrick=13455;StoneChunk=2086.25;WoodLog=81329.68","ClayPit=3;CopperMine=3;FiberGatheringCamp=3;Lumberyard=3;Quarry=3;StoneCuttingWorkshop=3","Agriculture;AnimalHusbandry;ClayExtraction;ControlledFire;FishingTechniques;ForagingGroups;Mining;Mining_Copper;NeolithicSettlement;Quarry;StoneCutting;StoneTools;TreeCultivate"
166,Neolithic,"Clay=40945;CopperOre=2385;PlantFiber=22525;StoneBrick=13635;StoneChunk=2086.25;WoodLog=82289.68","ClayPit=3;CopperMine=3;FiberGatheringCamp=3;Lumberyard=3;Quarry=3;StoneCuttingWorkshop=3","Agriculture;AnimalHusbandry;ClayExtraction;ControlledFire;FishingTechniques;ForagingGroups;Mining;Mining_Copper;NeolithicSettlement;Quarry;StoneCutting;StoneTools;TreeCultivate"
167,Neolithic,"Clay=41215;CopperOre=2565;PlantFiber=22795;StoneBrick=13815;StoneChunk=2086.25;WoodLog=83249.68","ClayPit=3;CopperMine=3;FiberGatheringCamp=3;Lumberyard=3;Quarry=3;StoneCuttingWorkshop=3","Agriculture;AnimalHusbandry;ClayExtraction;ControlledFire;FishingTechniques;ForagingGroups;Mining;Mining_Copper;NeolithicSettlement;Quarry;StoneCutting;StoneTools;TreeCultivate"
168,Neolithic,"Clay=41485;CopperOre=2745;PlantFiber=23065;StoneBrick=13995;StoneChunk=2086.25;WoodLog=84209.68","ClayPit=3;CopperMine=3;FiberGatheringCamp=3;Lumberyard=3;Quarry=3;StoneCuttingWorkshop=3","Agriculture;AnimalHusbandry;ClayExtraction;ControlledFire;FishingTechniques;ForagingGroups;Mining;Mining_Copper;NeolithicSettlement;Quarry;StoneCutting;StoneTools;TreeCultivate"
169,Neolithic,"Clay=41755;CopperOre=2925;PlantFiber=23335;StoneBrick=14175;StoneChunk=2086.25;WoodLog=85169.68","ClayPit=3;CopperMine=3;FiberGatheringCamp=3;Lumberyard=3;Quarry=3;StoneCuttingWorkshop=3","Agriculture;AnimalHusbandry;ClayExtraction;ControlledFire;FishingTechniques;ForagingGroups;Mining;Mining_Copper;NeolithicSettlement;Quarry;StoneCutting;StoneTools;TreeCultivate"
170,Neolithic,"Clay=42025;CopperOre=3105;PlantFiber=23605;StoneBrick=14355;StoneChunk=2086.25;WoodLog=86129.68","ClayPit=3;CopperMine=3;FiberGatheringCamp=3;Lumberyard=3;Quarry=3;StoneCuttingWorkshop=3","Agriculture;AnimalHusbandry;ClayExtraction;ControlledFire;FishingTechniques;ForagingGroups;Mining;Mining_Copper;NeolithicSettlement;Quarry;StoneCutting;StoneTools;TreeCultivate"
171,Neolithic,"Clay=42295;CopperOre=3285;PlantFiber=23875;StoneBrick=14535;StoneChunk=2086.25;WoodLog=87089.68","ClayPit=3;CopperMine=3;FiberGatheringCamp=3;Lumberyard=3;Quarry=3;StoneCuttingWorkshop=3","Agriculture;AnimalHusbandry;ClayExtraction;ControlledFire;FishingTechniques;ForagingGroups;Mining;Mining_Copper;NeolithicSettlement;Quarry;StoneCutting;StoneTools;TreeCultivate"
172,Neolithic,"Clay=42565;CopperOre=3465;PlantFiber=24145;StoneBrick=14715;StoneChunk=2086.25;WoodLog=88049.68","ClayPit=3;CopperMine=3;FiberGatheringCamp=3;Lumberyard=3;Quarry=3;StoneCuttingWorkshop=3","Agriculture;AnimalHusbandry;ClayExtraction;ControlledFire;FishingTechniques;ForagingGroups;Mining;Mining_Copper;NeolithicSettlement;Quarry;StoneCutting;StoneTools;TreeCultivate"
173,Neolithic,"Clay=42835;CopperOre=3645;PlantFiber=24415;StoneBrick=14895;StoneChunk=2086.25;WoodLog=89009.68","ClayPit=3;CopperMine=3;FiberGatheringCamp=3;Lumberyard=3;Quarry=3;StoneCuttingWorkshop=3","Agriculture;AnimalHusbandry;ClayExtraction;ControlledFire;FishingTechniques;ForagingGroups;Mining;Mining_Copper;NeolithicSettlement;Quarry;StoneCutting;StoneTools;TreeCultivate"
174,Neolithic,"Clay=43105;CopperOre=3825;PlantFiber=24685;StoneBrick=15075;StoneChunk=2036.25;WoodLog=89849.68","ClayPit=3;CopperMine=3;FiberGatheringCamp=3;Lumberyard=3;Quarry=3;StoneCuttingWorkshop=3","Agriculture;AnimalHusbandry;ClayExtraction;ControlledFire;FishingTechniques;ForagingGroups;HerbalKnowledge;Mining;Mining_Copper;NeolithicSettlement;Quarry;StoneCutting;StoneTools;TreeCultivate"
175,Neolithic,"Clay=43375;CopperOre=4005;PlantFiber=24955;StoneBrick=15255;StoneChunk=2036.25;WoodLog=90809.68","ClayPit=3;CopperMine=3;FiberGatheringCamp=3;Lumberyard=3;Quarry=3;StoneCuttingWorkshop=3","Agriculture;AnimalHusbandry;ClayExtraction;ControlledFire;FishingTechniques;ForagingGroups;HerbalKnowledge;Mining;Mining_Copper;NeolithicSettlement;Quarry;StoneCutting;StoneTools;TreeCultivate"
176,Neolithic,"Clay=43645;CopperOre=4185;PlantFiber=25225;StoneBrick=15435;StoneChunk=2036.25;WoodLog=91769.68","ClayPit=3;CopperMine=3;FiberGatheringCamp=3;Lumberyard=3;Quarry=3;StoneCuttingWorkshop=3","Agriculture;AnimalHusbandry;ClayExtraction;ControlledFire;FishingTechniques;ForagingGroups;HerbalKnowledge;Mining;Mining_Copper;NeolithicSettlement;Quarry;StoneCutting;StoneTools;TreeCultivate"
177,Neolithic,"Clay=43915;CopperOre=4365;PlantFiber=25495;StoneBrick=15615;StoneChunk=2036.25;WoodLog=92729.68","ClayPit=3;CopperMine=3;FiberGatheringCamp=3;Lumberyard=3;Quarry=3;StoneCuttingWorkshop=3","Agriculture;AnimalHusbandry;ClayExtraction;ControlledFire;FishingTechniques;ForagingGroups;HerbalKnowledge;Mining;Mining_Copper;NeolithicSettlement;Quarry;StoneCutting;StoneTools;TreeCultivate"
178,Neolithic,"Clay=44185;CopperOre=4545;PlantFiber=25765;StoneBrick=15795;StoneChunk=2036.25;WoodLog=93689.68","ClayPit=3;CopperMine=3;FiberGatheringCamp=3;Lumberyard=3;Quarry=3;StoneCuttingWorkshop=3","Agriculture;AnimalHusbandry;ClayExtraction;ControlledFire;FishingTechniques;ForagingGroups;HerbalKnowledge;Mining;Mining_Copper;NeolithicSettlement;Quarry;StoneCutting;StoneTools;TreeCultivate"
179,Neolithic,"Clay=44455;CopperOre=4725;PlantFiber=26035;StoneBrick=15975;StoneChunk=2036.25;WoodLog=94649.68","ClayPit=3;CopperMine=3;FiberGatheringCamp=3;Lumberyard=3;Quarry=3;StoneCuttingWorkshop=3","Agriculture;AnimalHusbandry;ClayExtraction;ControlledFire;FishingTechniques;ForagingGroups;HerbalKnowledge;Mining;Mining_Copper;NeolithicSettlement;Quarry;StoneCutting;StoneTools;TreeCultivate"
180,Neolithic,"Clay=44725;CopperOre=4905;PlantFiber=26305;StoneBrick=16155;StoneChunk=2036.25;WoodLog=95609.68","ClayPit=3;CopperMine=3;FiberGatheringCamp=3;Lumberyard=3;Quarry=3;StoneCuttingWorkshop=3","Agriculture;AnimalHusbandry;ClayExtraction;ControlledFire;FishingTechniques;ForagingGroups;HerbalKnowledge;Mining;Mining_Copper;NeolithicSettlement;Quarry;StoneCutting;StoneTools;TreeCultivate"
181,Neolithic,"Clay=44995;CopperOre=5085;PlantFiber=26575;StoneBrick=16335;StoneChunk=2036.25;WoodLog=96569.68","ClayPit=3;CopperMine=3;FiberGatheringCamp=3;Lumberyard=3;Quarry=3;StoneCuttingWorkshop=3","Agriculture;AnimalHusbandry;ClayExtraction;ControlledFire;FishingTechniques;ForagingGroups;HerbalKnowledge;Mining;Mining_Copper;NeolithicSettlement;Quarry;StoneCutting;StoneTools;TreeCultivate"
182,Neolithic,"Clay=45265;CopperOre=5265;PlantFiber=26845;StoneBrick=16515;StoneChunk=2036.25;WoodLog=97529.68","ClayPit=3;CopperMine=3;FiberGatheringCamp=3;Lumberyard=3;Quarry=3;StoneCuttingWorkshop=3","Agriculture;AnimalHusbandry;ClayExtraction;ControlledFire;FishingTechniques;ForagingGroups;HerbalKnowledge;Mining;Mining_Copper;NeolithicSettlement;Quarry;StoneCutting;StoneTools;TreeCultivate"
183,Neolithic,"Clay=45535;CopperOre=5445;PlantFiber=27115;StoneBrick=16695;StoneChunk=2036.25;WoodLog=98489.68","ClayPit=3;CopperMine=3;FiberGatheringCamp=3;Lumberyard=3;Quarry=3;StoneCuttingWorkshop=3","Agriculture;AnimalHusbandry;ClayExtraction;ControlledFire;FishingTechniques;ForagingGroups;HerbalKnowledge;Mining;Mining_Copper;NeolithicSettlement;Quarry;StoneCutting;StoneTools;TreeCultivate"
184,Neolithic,"Clay=45805;CopperOre=5625;PlantFiber=27385;StoneBrick=16875;StoneChunk=2036.25;WoodLog=99449.68","ClayPit=3;CopperMine=3;FiberGatheringCamp=3;Lumberyard=3;Quarry=3;StoneCuttingWorkshop=3","Agriculture;AnimalHusbandry;ClayExtraction;ControlledFire;FishingTechniques;ForagingGroups;HerbalKnowledge;Mining;Mining_Copper;NeolithicSettlement;Quarry;StoneCutting;StoneTools;TreeCultivate"
185,Neolithic,"Clay=46075;CopperOre=5805;PlantFiber=27655;StoneBrick=17055;StoneChunk=2036.25;WoodLog=100409.68","ClayPit=3;CopperMine=3;FiberGatheringCamp=3;Lumberyard=3;Quarry=3;StoneCuttingWorkshop=3","Agriculture;AnimalHusbandry;ClayExtraction;ControlledFire;FishingTechniques;ForagingGroups;HerbalKnowledge;Mining;Mining_Copper;NeolithicSettlement;Quarry;StoneCutting;StoneTools;TreeCultivate"
186,Neolithic,"Clay=46345;CopperOre=5985;PlantFiber=27925;StoneBrick=17235;StoneChunk=2036.25;WoodLog=101369.68","ClayPit=3;CopperMine=3;FiberGatheringCamp=3;Lumberyard=3;Quarry=3;StoneCuttingWorkshop=3","Agriculture;AnimalHusbandry;ClayExtraction;ControlledFire;FishingTechniques;ForagingGroups;HerbalKnowledge;Mining;Mining_Copper;NeolithicSettlement;Quarry;StoneCutting;StoneTools;TreeCultivate"
187,Neolithic,"Clay=46615;CopperOre=6165;PlantFiber=28195;StoneBrick=17415;StoneChunk=2036.25;WoodLog=102329.68","ClayPit=3;CopperMine=3;FiberGatheringCamp=3;Lumberyard=3;Quarry=3;StoneCuttingWorkshop=3","Agriculture;AnimalHusbandry;ClayExtraction;ControlledFire;FishingTechniques;ForagingGroups;HerbalKnowledge;Mining;Mining_Copper;NeolithicSettlement;Quarry;StoneCutting;StoneTools;TreeCultivate"
188,Neolithic,"Clay=46885;CopperOre=6345;PlantFiber=28465;StoneBrick=17595;StoneChunk=2036.25;WoodLog=103289.68","ClayPit=3;CopperMine=3;FiberGatheringCamp=3;Lumberyard=3;Quarry=3;StoneCuttingWorkshop=3","Agriculture;AnimalHusbandry;ClayExtraction;ControlledFire;FishingTechniques;ForagingGroups;HerbalKnowledge;Mining;Mining_Copper;NeolithicSettlement;Quarry;StoneCutting;StoneTools;TreeCultivate"
189,Neolithic,"Clay=47155;CopperOre=6525;PlantFiber=28735;StoneBrick=17775;StoneChunk=2036.25;WoodLog=104249.68","ClayPit=3;CopperMine=3;FiberGatheringCamp=3;Lumberyard=3;Quarry=3;StoneCuttingWorkshop=3","Agriculture;AnimalHusbandry;ClayExtraction;ControlledFire;FishingTechniques;ForagingGroups;HerbalKnowledge;Mining;Mining_Copper;NeolithicSettlement;Quarry;StoneCutting;StoneTools;TreeCultivate"
190,Neolithic,"Clay=47425;CopperOre=6705;PlantFiber=29005;StoneBrick=17955;StoneChunk=2036.25;WoodLog=105209.68","ClayPit=3;CopperMine=3;FiberGatheringCamp=3;Lumberyard=3;Quarry=3;StoneCuttingWorkshop=3","Agriculture;AnimalHusbandry;ClayExtraction;ControlledFire;FishingTechniques;ForagingGroups;HerbalKnowledge;Mining;Mining_Copper;NeolithicSettlement;Quarry;StoneCutting;StoneTools;TreeCultivate"
191,Neolithic,"Clay=47695;CopperOre=6885;PlantFiber=29275;StoneBrick=18135;StoneChunk=2036.25;WoodLog=106169.68","ClayPit=3;CopperMine=3;FiberGatheringCamp=3;Lumberyard=3;Quarry=3;StoneCuttingWorkshop=3","Agriculture;AnimalHusbandry;ClayExtraction;ControlledFire;FishingTechniques;ForagingGroups;HerbalKnowledge;Mining;Mining_Copper;NeolithicSettlement;Quarry;StoneCutting;StoneTools;TreeCultivate"
192,Neolithic,"Clay=47965;CopperOre=7065;PlantFiber=29545;StoneBrick=18315;StoneChunk=2036.25;WoodLog=107129.68","ClayPit=3;CopperMine=3;FiberGatheringCamp=3;Lumberyard=3;Quarry=3;StoneCuttingWorkshop=3","Agriculture;AnimalHusbandry;ClayExtraction;ControlledFire;FishingTechniques;ForagingGroups;HerbalKnowledge;Mining;Mining_Copper;NeolithicSettlement;Quarry;StoneCutting;StoneTools;TreeCultivate"
193,Neolithic,"Clay=48235;CopperOre=7245;PlantFiber=29815;StoneBrick=18495;StoneChunk=2036.25;WoodLog=108089.68","ClayPit=3;CopperMine=3;FiberGatheringCamp=3;Lumberyard=3;Quarry=3;StoneCuttingWorkshop=3","Agriculture;AnimalHusbandry;ClayExtraction;ControlledFire;FishingTechniques;ForagingGroups;HerbalKnowledge;Mining;Mining_Copper;NeolithicSettlement;Quarry;StoneCutting;StoneTools;TreeCultivate"
194,Neolithic,"Clay=48505;CopperOre=7425;PlantFiber=30085;StoneBrick=18675;StoneChunk=2036.25;WoodLog=109049.68","ClayPit=3;CopperMine=3;FiberGatheringCamp=3;Lumberyard=3;Quarry=3;StoneCuttingWorkshop=3","Agriculture;AnimalHusbandry;ClayExtraction;ControlledFire;FishingTechniques;ForagingGroups;HerbalKnowledge;Mining;Mining_Copper;NeolithicSettlement;Quarry;StoneCutting;StoneTools;TreeCultivate"
195,Neolithic,"Clay=48775;CopperOre=7605;PlantFiber=30355;StoneBrick=18855;StoneChunk=2036.25;WoodLog=110009.68","ClayPit=3;CopperMine=3;FiberGatheringCamp=3;Lumberyard=3;Quarry=3;StoneCuttingWorkshop=3","Agriculture;AnimalHusbandry;ClayExtraction;ControlledFire;FishingTechniques;ForagingGroups;HerbalKnowledge;Mining;Mining_Copper;NeolithicSettlement;Quarry;StoneCutting;StoneTools;TreeCultivate"
196,Neolithic,"Clay=49045;CopperOre=7785;PlantFiber=30625;StoneBrick=19035;StoneChunk=2036.25;WoodLog=110969.68","ClayPit=3;CopperMine=3;FiberGatheringCamp=3;Lumberyard=3;Quarry=3;StoneCuttingWorkshop=3","Agriculture;AnimalHusbandry;ClayExtraction;ControlledFire;FishingTechniques;ForagingGroups;HerbalKnowledge;Mining;Mining_Copper;NeolithicSettlement;Quarry;StoneCutting;StoneTools;TreeCultivate"
197,Neolithic,"Clay=49315;CopperOre=7965;PlantFiber=30895;StoneBrick=19215;StoneChunk=2036.25;WoodLog=111929.68","ClayPit=3;CopperMine=3;FiberGatheringCamp=3;Lumberyard=3;Quarry=3;StoneCuttingWorkshop=3","Agriculture;AnimalHusbandry;ClayExtraction;ControlledFire;FishingTechniques;ForagingGroups;HerbalKnowledge;Mining;Mining_Copper;NeolithicSettlement;Quarry;StoneCutting;StoneTools;TreeCultivate"
198,Neolithic,"Clay=49585;CopperOre=8145;PlantFiber=31165;StoneBrick=19395;StoneChunk=1996.25;WoodLog=112809.68","ClayPit=3;CopperMine=3;FiberGatheringCamp=3;Lumberyard=3;Quarry=3;StoneCuttingWorkshop=3","Agriculture;AnimalHusbandry;ClayExtraction;ControlledFire;FishingTechniques;ForagingGroups;HerbalKnowledge;Mining;Mining_Copper;NeolithicSettlement;Quarry;StoneCutting;StoneTools;TreeCultivate;Woodworking"
199,Neolithic,"Clay=49855;CopperOre=8325;PlantFiber=31435;StoneBrick=19575;StoneChunk=1996.25;WoodLog=113769.68","ClayPit=3;CopperMine=3;FiberGatheringCamp=3;Lumberyard=3;Quarry=3;StoneCuttingWorkshop=3","Agriculture;AnimalHusbandry;ClayExtraction;ControlledFire;FishingTechniques;ForagingGroups;HerbalKnowledge;Mining;Mining_Copper;NeolithicSettlement;Quarry;StoneCutting;StoneTools;TreeCultivate;Woodworking"
200,Neolithic,"Clay=50125;CopperOre=8505;PlantFiber=31705;StoneBrick=19755;StoneChunk=1996.25;WoodLog=114729.68","ClayPit=3;CopperMine=3;FiberGatheringCamp=3;Lumberyard=3;Quarry=3;StoneCuttingWorkshop=3","Agriculture;AnimalHusbandry;ClayExtraction;ControlledFire;FishingTechniques;ForagingGroups;HerbalKnowledge;Mining;Mining_Copper;NeolithicSettlement;Quarry;StoneCutting;StoneTools;TreeCultivate;Woodworking"
201,Neolithic,"Clay=50395;CopperOre=8685;PlantFiber=31975;StoneBrick=19935;StoneChunk=1996.25;WoodLog=115689.68","ClayPit=3;CopperMine=3;FiberGatheringCamp=3;Lumberyard=3;Quarry=3;StoneCuttingWorkshop=3","Agriculture;AnimalHusbandry;ClayExtraction;ControlledFire;FishingTechniques;ForagingGroups;HerbalKnowledge;Mining;Mining_Copper;NeolithicSettlement;Quarry;StoneCutting;StoneTools;TreeCultivate;Woodworking"
202,Neolithic,"Clay=50665;CopperOre=8865;PlantFiber=32245;StoneBrick=20115;StoneChunk=1996.25;WoodLog=116649.68","ClayPit=3;CopperMine=3;FiberGatheringCamp=3;Lumberyard=3;Quarry=3;StoneCuttingWorkshop=3","Agriculture;AnimalHusbandry;ClayExtraction;ControlledFire;FishingTechniques;ForagingGroups;HerbalKnowledge;Mining;Mining_Copper;NeolithicSettlement;Quarry;StoneCutting;StoneTools;TreeCultivate;Woodworking"
203,Neolithic,"Clay=50935;CopperOre=9045;PlantFiber=32515;StoneBrick=20295;StoneChunk=1996.25;WoodLog=117609.68","ClayPit=3;CopperMine=3;FiberGatheringCamp=3;Lumberyard=3;Quarry=3;StoneCuttingWorkshop=3","Agriculture;AnimalHusbandry;ClayExtraction;ControlledFire;FishingTechniques;ForagingGroups;HerbalKnowledge;Mining;Mining_Copper;NeolithicSettlement;Quarry;StoneCutting;StoneTools;TreeCultivate;Woodworking"
204,Neolithic,"Clay=51205;CopperOre=9225;PlantFiber=32785;StoneBrick=20475;StoneChunk=1996.25;WoodLog=118569.68","ClayPit=3;CopperMine=3;FiberGatheringCamp=3;Lumberyard=3;Quarry=3;StoneCuttingWorkshop=3","Agriculture;AnimalHusbandry;ClayExtraction;ControlledFire;FishingTechniques;ForagingGroups;HerbalKnowledge;Mining;Mining_Copper;NeolithicSettlement;Quarry;StoneCutting;StoneTools;TreeCultivate;Woodworking"
205,Neolithic,"Clay=51475;CopperOre=9405;PlantFiber=33055;StoneBrick=20655;StoneChunk=1996.25;WoodLog=119529.68","ClayPit=3;CopperMine=3;FiberGatheringCamp=3;Lumberyard=3;Quarry=3;StoneCuttingWorkshop=3","Agriculture;AnimalHusbandry;ClayExtraction;ControlledFire;FishingTechniques;ForagingGroups;HerbalKnowledge;Mining;Mining_Copper;NeolithicSettlement;Quarry;StoneCutting;StoneTools;TreeCultivate;Woodworking"
206,Neolithic,"Clay=51745;CopperOre=9585;PlantFiber=33325;StoneBrick=20835;StoneChunk=1996.25;WoodLog=120489.68","ClayPit=3;CopperMine=3;FiberGatheringCamp=3;Lumberyard=3;Quarry=3;StoneCuttingWorkshop=3","Agriculture;AnimalHusbandry;ClayExtraction;ControlledFire;FishingTechniques;ForagingGroups;HerbalKnowledge;Mining;Mining_Copper;NeolithicSettlement;Quarry;StoneCutting;StoneTools;TreeCultivate;Woodworking"
207,Neolithic,"Clay=52015;CopperOre=9765;PlantFiber=33595;StoneBrick=21015;StoneChunk=1996.25;WoodLog=121449.68","ClayPit=3;CopperMine=3;FiberGatheringCamp=3;Lumberyard=3;Quarry=3;StoneCuttingWorkshop=3","Agriculture;AnimalHusbandry;ClayExtraction;ControlledFire;FishingTechniques;ForagingGroups;HerbalKnowledge;Mining;Mining_Copper;NeolithicSettlement;Quarry;StoneCutting;StoneTools;TreeCultivate;Woodworking"
208,Neolithic,"Clay=52285;CopperOre=9945;PlantFiber=33865;StoneBrick=21195;StoneChunk=1996.25;WoodLog=122409.68","ClayPit=3;CopperMine=3;FiberGatheringCamp=3;Lumberyard=3;Quarry=3;StoneCuttingWorkshop=3","Agriculture;AnimalHusbandry;ClayExtraction;ControlledFire;FishingTechniques;ForagingGroups;HerbalKnowledge;Mining;Mining_Copper;NeolithicSettlement;Quarry;StoneCutting;StoneTools;TreeCultivate;Woodworking"
209,Neolithic,"Clay=52555;CopperOre=10125;PlantFiber=34135;StoneBrick=21375;StoneChunk=1996.25;WoodLog=123369.68","ClayPit=3;CopperMine=3;FiberGatheringCamp=3;Lumberyard=3;Quarry=3;StoneCuttingWorkshop=3","Agriculture;AnimalHusbandry;ClayExtraction;ControlledFire;FishingTechniques;ForagingGroups;HerbalKnowledge;Mining;Mining_Copper;NeolithicSettlement;Quarry;StoneCutting;StoneTools;TreeCultivate;Woodworking"
210,Neolithic,"Clay=52825;CopperOre=10305;PlantFiber=34405;StoneBrick=21555;StoneChunk=1996.25;WoodLog=124329.68","ClayPit=3;CopperMine=3;FiberGatheringCamp=3;Lumberyard=3;Quarry=3;StoneCuttingWorkshop=3","Agriculture;AnimalHusbandry;ClayExtraction;ControlledFire;FishingTechniques;ForagingGroups;HerbalKnowledge;Mining;Mining_Copper;NeolithicSettlement;Quarry;StoneCutting;StoneTools;TreeCultivate;Woodworking"
211,Neolithic,"Clay=53095;CopperOre=10485;PlantFiber=34675;StoneBrick=21735;StoneChunk=1996.25;WoodLog=125289.68","ClayPit=3;CopperMine=3;FiberGatheringCamp=3;Lumberyard=3;Quarry=3;StoneCuttingWorkshop=3","Agriculture;AnimalHusbandry;ClayExtraction;ControlledFire;FishingTechniques;ForagingGroups;HerbalKnowledge;Mining;Mining_Copper;NeolithicSettlement;Quarry;StoneCutting;StoneTools;TreeCultivate;Woodworking"
212,Neolithic,"Clay=53365;CopperOre=10665;PlantFiber=34945;StoneBrick=21915;StoneChunk=1996.25;WoodLog=126249.68","ClayPit=3;CopperMine=3;FiberGatheringCamp=3;Lumberyard=3;Quarry=3;StoneCuttingWorkshop=3","Agriculture;AnimalHusbandry;ClayExtraction;ControlledFire;FishingTechniques;ForagingGroups;HerbalKnowledge;Mining;Mining_Copper;NeolithicSettlement;Quarry;StoneCutting;StoneTools;TreeCultivate;Woodworking"
213,Neolithic,"Clay=53635;CopperOre=10845;PlantFiber=35215;StoneBrick=22095;StoneChunk=1996.25;WoodLog=127209.68","ClayPit=3;CopperMine=3;FiberGatheringCamp=3;Lumberyard=3;Quarry=3;StoneCuttingWorkshop=3","Agriculture;AnimalHusbandry;ClayExtraction;ControlledFire;FishingTechniques;ForagingGroups;HerbalKnowledge;Mining;Mining_Copper;NeolithicSettlement;Quarry;StoneCutting;StoneTools;TreeCultivate;Woodworking"
214,Neolithic,"Clay=53905;CopperOre=11025;PlantFiber=35485;StoneBrick=22275;StoneChunk=1996.25;WoodLog=128169.68","ClayPit=3;CopperMine=3;FiberGatheringCamp=3;Lumberyard=3;Quarry=3;StoneCuttingWorkshop=3","Agriculture;AnimalHusbandry;ClayExtraction;ControlledFire;FishingTechniques;ForagingGroups;HerbalKnowledge;Mining;Mining_Copper;NeolithicSettlement;Quarry;StoneCutting;StoneTools;TreeCultivate;Woodworking"
215,Neolithic,"Clay=54175;CopperOre=11205;PlantFiber=35755;StoneBrick=22455;StoneChunk=1996.25;WoodLog=129129.68","ClayPit=3;CopperMine=3;FiberGatheringCamp=3;Lumberyard=3;Quarry=3;StoneCuttingWorkshop=3","Agriculture;AnimalHusbandry;ClayExtraction;ControlledFire;FishingTechniques;ForagingGroups;HerbalKnowledge;Mining;Mining_Copper;NeolithicSettlement;Quarry;StoneCutting;StoneTools;TreeCultivate;Woodworking"
216,Neolithic,"Clay=54445;CopperOre=11385;PlantFiber=36025;StoneBrick=22635;StoneChunk=1996.25;WoodLog=130089.68","ClayPit=3;CopperMine=3;FiberGatheringCamp=3;Lumberyard=3;Quarry=3;StoneCuttingWorkshop=3","Agriculture;AnimalHusbandry;ClayExtraction;ControlledFire;FishingTechniques;ForagingGroups;HerbalKnowledge;Mining;Mining_Copper;NeolithicSettlement;Quarry;StoneCutting;StoneTools;TreeCultivate;Woodworking"
217,Neolithic,"Clay=54715;CopperOre=11565;PlantFiber=36295;StoneBrick=22815;StoneChunk=1996.25;WoodLog=131049.68","ClayPit=3;CopperMine=3;FiberGatheringCamp=3;Lumberyard=3;Quarry=3;StoneCuttingWorkshop=3","Agriculture;AnimalHusbandry;ClayExtraction;ControlledFire;FishingTechniques;ForagingGroups;HerbalKnowledge;Mining;Mining_Copper;NeolithicSettlement;Quarry;StoneCutting;StoneTools;TreeCultivate;Woodworking"
218,Neolithic,"Clay=54985;CopperOre=11745;PlantFiber=36565;StoneBrick=22995;StoneChunk=1996.25;WoodLog=132009.68","ClayPit=3;CopperMine=3;FiberGatheringCamp=3;Lumberyard=3;Quarry=3;StoneCuttingWorkshop=3","Agriculture;AnimalHusbandry;ClayExtraction;ControlledFire;FishingTechniques;ForagingGroups;HerbalKnowledge;Mining;Mining_Copper;NeolithicSettlement;Quarry;StoneCutting;StoneTools;TreeCultivate;Woodworking"
219,Neolithic,"Clay=55255;CopperOre=11925;PlantFiber=36835;StoneBrick=23175;StoneChunk=1996.25;WoodLog=132969.68","ClayPit=3;CopperMine=3;FiberGatheringCamp=3;Lumberyard=3;Quarry=3;StoneCuttingWorkshop=3","Agriculture;AnimalHusbandry;ClayExtraction;ControlledFire;FishingTechniques;ForagingGroups;HerbalKnowledge;Mining;Mining_Copper;NeolithicSettlement;Quarry;StoneCutting;StoneTools;TreeCultivate;Woodworking"
220,Neolithic,"Clay=55525;CopperOre=12105;PlantFiber=37105;StoneBrick=23355;StoneChunk=1996.25;WoodLog=133929.68","ClayPit=3;CopperMine=3;FiberGatheringCamp=3;Lumberyard=3;Quarry=3;StoneCuttingWorkshop=3","Agriculture;AnimalHusbandry;ClayExtraction;ControlledFire;FishingTechniques;ForagingGroups;HerbalKnowledge;Mining;Mining_Copper;NeolithicSettlement;Quarry;StoneCutting;StoneTools;TreeCultivate;Woodworking"
221,Neolithic,"Clay=55795;CopperOre=12285;PlantFiber=37375;StoneBrick=23535;StoneChunk=1996.25;WoodLog=134889.68","ClayPit=3;CopperMine=3;FiberGatheringCamp=3;Lumberyard=3;Quarry=3;StoneCuttingWorkshop=3","Agriculture;AnimalHusbandry;ClayExtraction;ControlledFire;FishingTechniques;ForagingGroups;HerbalKnowledge;Mining;Mining_Copper;NeolithicSettlement;Quarry;StoneCutting;StoneTools;TreeCultivate;Woodworking"
222,Neolithic,"Clay=56065;CopperOre=12465;PlantFiber=37645;StoneBrick=23715;StoneChunk=1996.25;WoodLog=135849.68","ClayPit=3;CopperMine=3;FiberGatheringCamp=3;Lumberyard=3;Quarry=3;StoneCuttingWorkshop=3","Agriculture;AnimalHusbandry;ClayExtraction;ControlledFire;FishingTechniques;ForagingGroups;HerbalKnowledge;Mining;Mining_Copper;NeolithicSettlement;Quarry;StoneCutting;StoneTools;TreeCultivate;Woodworking"
223,Neolithic,"Clay=56285;CopperOre=12645;PlantFiber=37915;StoneBrick=23895;StoneChunk=1996.25;WoodLog=136809.68","ClayPit=3;CopperMine=3;FiberGatheringCamp=3;Lumberyard=3;Quarry=3;StoneCuttingWorkshop=3","Agriculture;AnimalHusbandry;ClayExtraction;ControlledFire;FishingTechniques;ForagingGroups;HerbalKnowledge;Mathematics;Mining;Mining_Copper;NeolithicSettlement;Quarry;StoneCutting;StoneTools;TreeCultivate;Woodworking"
224,Neolithic,"Clay=56555;CopperOre=12825;PlantFiber=38185;StoneBrick=24075;StoneChunk=1996.25;WoodLog=137769.68","ClayPit=3;CopperMine=3;FiberGatheringCamp=3;Lumberyard=3;Quarry=3;StoneCuttingWorkshop=3","Agriculture;AnimalHusbandry;ClayExtraction;ControlledFire;FishingTechniques;ForagingGroups;HerbalKnowledge;Mathematics;Mining;Mining_Copper;NeolithicSettlement;Quarry;StoneCutting;StoneTools;TreeCultivate;Woodworking"
225,Neolithic,"Clay=56825;CopperOre=13005;PlantFiber=38455;StoneBrick=24255;StoneChunk=1996.25;WoodLog=138729.68","ClayPit=3;CopperMine=3;FiberGatheringCamp=3;Lumberyard=3;Quarry=3;StoneCuttingWorkshop=3","Agriculture;AnimalHusbandry;ClayExtraction;ControlledFire;FishingTechniques;ForagingGroups;HerbalKnowledge;Mathematics;Mining;Mining_Copper;NeolithicSettlement;Quarry;StoneCutting;StoneTools;TreeCultivate;Woodworking"
226,Neolithic,"Clay=57095;CopperOre=13185;PlantFiber=38725;StoneBrick=24435;StoneChunk=1996.25;WoodLog=139689.68","ClayPit=3;CopperMine=3;FiberGatheringCamp=3;Lumberyard=3;Quarry=3;StoneCuttingWorkshop=3","Agriculture;AnimalHusbandry;ClayExtraction;ControlledFire;FishingTechniques;ForagingGroups;HerbalKnowledge;Mathematics;Mining;Mining_Copper;NeolithicSettlement;Quarry;StoneCutting;StoneTools;TreeCultivate;Woodworking"
227,Neolithic,"Clay=57365;CopperOre=13365;PlantFiber=38995;StoneBrick=24615;StoneChunk=1996.25;WoodLog=140649.68","ClayPit=3;CopperMine=3;FiberGatheringCamp=3;Lumberyard=3;Quarry=3;StoneCuttingWorkshop=3","Agriculture;AnimalHusbandry;ClayExtraction;ControlledFire;FishingTechniques;ForagingGroups;HerbalKnowledge;Mathematics;Mining;Mining_Copper;NeolithicSettlement;Quarry;StoneCutting;StoneTools;TreeCultivate;Woodworking"
228,Neolithic,"Clay=57635;CopperOre=13545;PlantFiber=39265;StoneBrick=24795;StoneChunk=1996.25;WoodLog=141609.68","ClayPit=3;CopperMine=3;FiberGatheringCamp=3;Lumberyard=3;Quarry=3;StoneCuttingWorkshop=3","Agriculture;AnimalHusbandry;ClayExtraction;ControlledFire;FishingTechniques;ForagingGroups;HerbalKnowledge;Mathematics;Mining;Mining_Copper;NeolithicSettlement;Quarry;StoneCutting;StoneTools;TreeCultivate;Woodworking"
229,Neolithic,"Clay=57905;CopperOre=13725;PlantFiber=39535;StoneBrick=24975;StoneChunk=1996.25;WoodLog=142569.68","ClayPit=3;CopperMine=3;FiberGatheringCamp=3;Lumberyard=3;Quarry=3;StoneCuttingWorkshop=3","Agriculture;AnimalHusbandry;ClayExtraction;ControlledFire;FishingTechniques;ForagingGroups;HerbalKnowledge;Mathematics;Mining;Mining_Copper;NeolithicSettlement;Quarry;StoneCutting;StoneTools;TreeCultivate;Woodworking"
230,Neolithic,"Clay=58175;CopperOre=13905;PlantFiber=39805;StoneBrick=25155;StoneChunk=1996.25;WoodLog=143529.68","ClayPit=3;CopperMine=3;FiberGatheringCamp=3;Lumberyard=3;Quarry=3;StoneCuttingWorkshop=3","Agriculture;AnimalHusbandry;ClayExtraction;ControlledFire;FishingTechniques;ForagingGroups;HerbalKnowledge;Mathematics;Mining;Mining_Copper;NeolithicSettlement;Quarry;StoneCutting;StoneTools;TreeCultivate;Woodworking"
231,Neolithic,"Clay=58445;CopperOre=14085;PlantFiber=40075;StoneBrick=25335;StoneChunk=1996.25;WoodLog=144489.68","ClayPit=3;CopperMine=3;FiberGatheringCamp=3;Lumberyard=3;Quarry=3;StoneCuttingWorkshop=3","Agriculture;AnimalHusbandry;ClayExtraction;ControlledFire;FishingTechniques;ForagingGroups;HerbalKnowledge;Mathematics;Mining;Mining_Copper;NeolithicSettlement;Quarry;StoneCutting;StoneTools;TreeCultivate;Woodworking"
232,Neolithic,"Clay=58715;CopperOre=14265;PlantFiber=40345;StoneBrick=25515;StoneChunk=1996.25;WoodLog=145449.68","ClayPit=3;CopperMine=3;FiberGatheringCamp=3;Lumberyard=3;Quarry=3;StoneCuttingWorkshop=3","Agriculture;AnimalHusbandry;ClayExtraction;ControlledFire;FishingTechniques;ForagingGroups;HerbalKnowledge;Mathematics;Mining;Mining_Copper;NeolithicSettlement;Quarry;StoneCutting;StoneTools;TreeCultivate;Woodworking"
233,Neolithic,"Clay=58985;CopperOre=14445;PlantFiber=40615;StoneBrick=25695;StoneChunk=1996.25;WoodLog=146409.68","ClayPit=3;CopperMine=3;FiberGatheringCamp=3;Lumberyard=3;Quarry=3;StoneCuttingWorkshop=3","Agriculture;AnimalHusbandry;ClayExtraction;ControlledFire;FishingTechniques;ForagingGroups;HerbalKnowledge;Mathematics;Mining;Mining_Copper;NeolithicSettlement;Quarry;StoneCutting;StoneTools;TreeCultivate;Woodworking"
234,Neolithic,"Clay=59255;CopperOre=14625;PlantFiber=40885;StoneBrick=25875;StoneChunk=1996.25;WoodLog=147369.68","ClayPit=3;CopperMine=3;FiberGatheringCamp=3;Lumberyard=3;Quarry=3;StoneCuttingWorkshop=3","Agriculture;AnimalHusbandry;ClayExtraction;ControlledFire;FishingTechniques;ForagingGroups;HerbalKnowledge;Mathematics;Mining;Mining_Copper;NeolithicSettlement;Quarry;StoneCutting;StoneTools;TreeCultivate;Woodworking"
235,Neolithic,"Clay=59525;CopperOre=14805;PlantFiber=41155;StoneBrick=26055;StoneChunk=1996.25;WoodLog=148329.68","ClayPit=3;CopperMine=3;FiberGatheringCamp=3;Lumberyard=3;Quarry=3;StoneCuttingWorkshop=3","Agriculture;AnimalHusbandry;ClayExtraction;ControlledFire;FishingTechniques;ForagingGroups;HerbalKnowledge;Mathematics;Mining;Mining_Copper;NeolithicSettlement;Quarry;StoneCutting;StoneTools;TreeCultivate;Woodworking"
236,Neolithic,"Clay=59795;CopperOre=14985;PlantFiber=41425;StoneBrick=26235;StoneChunk=1996.25;WoodLog=149289.68","ClayPit=3;CopperMine=3;FiberGatheringCamp=3;Lumberyard=3;Quarry=3;StoneCuttingWorkshop=3","Agriculture;AnimalHusbandry;ClayExtraction;ControlledFire;FishingTechniques;ForagingGroups;HerbalKnowledge;Mathematics;Mining;Mining_Copper;NeolithicSettlement;Quarry;StoneCutting;StoneTools;TreeCultivate;Woodworking"
237,Neolithic,"Clay=60065;CopperOre=15165;PlantFiber=41695;StoneBrick=26415;StoneChunk=1996.25;WoodLog=150249.68","ClayPit=3;CopperMine=3;FiberGatheringCamp=3;Lumberyard=3;Quarry=3;StoneCuttingWorkshop=3","Agriculture;AnimalHusbandry;ClayExtraction;ControlledFire;FishingTechniques;ForagingGroups;HerbalKnowledge;Mathematics;Mining;Mining_Copper;NeolithicSettlement;Quarry;StoneCutting;StoneTools;TreeCultivate;Woodworking"
238,Neolithic,"Clay=60335;CopperOre=15345;PlantFiber=41965;StoneBrick=26595;StoneChunk=1996.25;WoodLog=151209.68","ClayPit=3;CopperMine=3;FiberGatheringCamp=3;Lumberyard=3;Quarry=3;StoneCuttingWorkshop=3","Agriculture;AnimalHusbandry;ClayExtraction;ControlledFire;FishingTechniques;ForagingGroups;HerbalKnowledge;Mathematics;Mining;Mining_Copper;NeolithicSettlement;Quarry;StoneCutting;StoneTools;TreeCultivate;Woodworking"
239,Neolithic,"Clay=60605;CopperOre=15525;PlantFiber=42235;StoneBrick=26775;StoneChunk=1996.25;WoodLog=152169.68","ClayPit=3;CopperMine=3;FiberGatheringCamp=3;Lumberyard=3;Quarry=3;StoneCuttingWorkshop=3","Agriculture;AnimalHusbandry;ClayExtraction;ControlledFire;FishingTechniques;ForagingGroups;HerbalKnowledge;Mathematics;Mining;Mining_Copper;NeolithicSettlement;Quarry;StoneCutting;StoneTools;TreeCultivate;Woodworking"
240,Neolithic,"Clay=60875;CopperOre=15705;PlantFiber=42505;StoneBrick=26955;StoneChunk=1996.25;WoodLog=153129.68","ClayPit=3;CopperMine=3;FiberGatheringCamp=3;Lumberyard=3;Quarry=3;StoneCuttingWorkshop=3","Agriculture;AnimalHusbandry;ClayExtraction;ControlledFire;FishingTechniques;ForagingGroups;HerbalKnowledge;Mathematics;Mining;Mining_Copper;NeolithicSettlement;Quarry;StoneCutting;StoneTools;TreeCultivate;Woodworking"
241,Neolithic,"Clay=61145;CopperOre=15885;PlantFiber=42775;StoneBrick=27135;StoneChunk=1996.25;WoodLog=154089.68","ClayPit=3;CopperMine=3;FiberGatheringCamp=3;Lumberyard=3;Quarry=3;StoneCuttingWorkshop=3","Agriculture;AnimalHusbandry;ClayExtraction;ControlledFire;FishingTechniques;ForagingGroups;HerbalKnowledge;Mathematics;Mining;Mining_Copper;NeolithicSettlement;Quarry;StoneCutting;StoneTools;TreeCultivate;Woodworking"
242,Neolithic,"Clay=61415;CopperOre=16065;PlantFiber=43045;StoneBrick=27315;StoneChunk=1996.25;WoodLog=155049.68","ClayPit=3;CopperMine=3;FiberGatheringCamp=3;Lumberyard=3;Quarry=3;StoneCuttingWorkshop=3","Agriculture;AnimalHusbandry;ClayExtraction;ControlledFire;FishingTechniques;ForagingGroups;HerbalKnowledge;Mathematics;Mining;Mining_Copper;NeolithicSettlement;Quarry;StoneCutting;StoneTools;TreeCultivate;Woodworking"
243,Neolithic,"Clay=61464.72;CopperOre=16245;PlantFiber=43315;Pottery=45;StoneBrick=27495;StoneChunk=1966.25;WoodLog=155745.4","ClayPit=3;CopperMine=3;FiberGatheringCamp=3;Lumberyard=3;PotteryKiln=3;Quarry=3;StoneCuttingWorkshop=3","Agriculture;AnimalHusbandry;ClayExtraction;ControlledFire;FishingTechniques;ForagingGroups;HerbalKnowledge;Mathematics;Mining;Mining_Copper;NeolithicSettlement;Pottery;Quarry;StoneCutting;StoneTools;TreeCultivate;Woodworking"
244,Neolithic,"Clay=61554.72;CopperOre=16425;PlantFiber=43585;Pottery=225;StoneBrick=27675;StoneChunk=1966.25;WoodLog=156669.4","ClayPit=3;CopperMine=3;FiberGatheringCamp=3;Lumberyard=3;PotteryKiln=3;Quarry=3;StoneCuttingWorkshop=3","Agriculture;AnimalHusbandry;ClayExtraction;ControlledFire;FishingTechniques;ForagingGroups;HerbalKnowledge;Mathematics;Mining;Mining_Copper;NeolithicSettlement;Pottery;Quarry;StoneCutting;StoneTools;TreeCultivate;Woodworking"
245,Neolithic,"Clay=61644.72;CopperOre=16605;PlantFiber=43855;Pottery=405;StoneBrick=27855;StoneChunk=1966.25;WoodLog=157593.4","ClayPit=3;CopperMine=3;FiberGatheringCamp=3;Lumberyard=3;PotteryKiln=3;Quarry=3;StoneCuttingWorkshop=3","Agriculture;AnimalHusbandry;ClayExtraction;ControlledFire;FishingTechniques;ForagingGroups;HerbalKnowledge;Mathematics;Mining;Mining_Copper;NeolithicSettlement;Pottery;Quarry;StoneCutting;StoneTools;TreeCultivate;Woodworking"
246,Neolithic,"Clay=61734.72;CopperOre=16785;PlantFiber=44125;Pottery=585;StoneBrick=28035;StoneChunk=1966.25;WoodLog=158517.4","ClayPit=3;CopperMine=3;FiberGatheringCamp=3;Lumberyard=3;PotteryKiln=3;Quarry=3;StoneCuttingWorkshop=3","Agriculture;AnimalHusbandry;ClayExtraction;ControlledFire;FishingTechniques;ForagingGroups;HerbalKnowledge;Mathematics;Mining;Mining_Copper;NeolithicSettlement;Pottery;Quarry;StoneCutting;StoneTools;TreeCultivate;Woodworking"
247,Neolithic,"Clay=61824.72;CopperOre=16965;PlantFiber=44395;Pottery=765;StoneBrick=28215;StoneChunk=1966.25;WoodLog=159441.4","ClayPit=3;CopperMine=3;FiberGatheringCamp=3;Lumberyard=3;PotteryKiln=3;Quarry=3;StoneCuttingWorkshop=3","Agriculture;AnimalHusbandry;ClayExtraction;ControlledFire;FishingTechniques;ForagingGroups;HerbalKnowledge;Mathematics;Mining;Mining_Copper;NeolithicSettlement;Pottery;Quarry;StoneCutting;StoneTools;TreeCultivate;Woodworking"
248,Neolithic,"Clay=61914.72;CopperOre=17145;PlantFiber=44665;Pottery=945;StoneBrick=28395;StoneChunk=1966.25;WoodLog=160365.4","ClayPit=3;CopperMine=3;FiberGatheringCamp=3;Lumberyard=3;PotteryKiln=3;Quarry=3;StoneCuttingWorkshop=3","Agriculture;AnimalHusbandry;ClayExtraction;ControlledFire;FishingTechniques;ForagingGroups;HerbalKnowledge;Mathematics;Mining;Mining_Copper;NeolithicSettlement;Pottery;Quarry;StoneCutting;StoneTools;TreeCultivate;Woodworking"
249,Neolithic,"Clay=62004.72;CopperOre=17325;PlantFiber=44935;Pottery=1125;StoneBrick=28575;StoneChunk=1966.25;WoodLog=161289.4","ClayPit=3;CopperMine=3;FiberGatheringCamp=3;Lumberyard=3;PotteryKiln=3;Quarry=3;StoneCuttingWorkshop=3","Agriculture;AnimalHusbandry;ClayExtraction;ControlledFire;FishingTechniques;ForagingGroups;HerbalKnowledge;Mathematics;Mining;Mining_Copper;NeolithicSettlement;Pottery;Quarry;StoneCutting;StoneTools;TreeCultivate;Woodworking"
250,Neolithic,"Clay=62094.72;CopperOre=17505;PlantFiber=45205;Pottery=1305;StoneBrick=28755;StoneChunk=1966.25;WoodLog=162213.4","ClayPit=3;CopperMine=3;FiberGatheringCamp=3;Lumberyard=3;PotteryKiln=3;Quarry=3;StoneCuttingWorkshop=3","Agriculture;AnimalHusbandry;ClayExtraction;ControlledFire;FishingTechniques;ForagingGroups;HerbalKnowledge;Mathematics;Mining;Mining_Copper;NeolithicSettlement;Pottery;Quarry;StoneCutting;StoneTools;TreeCultivate;Woodworking"
251,Neolithic,"Clay=62184.72;CopperOre=17685;PlantFiber=45475;Pottery=1485;StoneBrick=28935;StoneChunk=1966.25;WoodLog=163137.4","ClayPit=3;CopperMine=3;FiberGatheringCamp=3;Lumberyard=3;PotteryKiln=3;Quarry=3;StoneCuttingWorkshop=3","Agriculture;AnimalHusbandry;ClayExtraction;ControlledFire;FishingTechniques;ForagingGroups;HerbalKnowledge;Mathematics;Mining;Mining_Copper;NeolithicSettlement;Pottery;Quarry;StoneCutting;StoneTools;TreeCultivate;Woodworking"
252,Neolithic,"Clay=62274.72;CopperOre=17865;PlantFiber=45745;Pottery=1665;StoneBrick=29115;StoneChunk=1966.25;WoodLog=164061.4","ClayPit=3;CopperMine=3;FiberGatheringCamp=3;Lumberyard=3;PotteryKiln=3;Quarry=3;StoneCuttingWorkshop=3","Agriculture;AnimalHusbandry;ClayExtraction;ControlledFire;FishingTechniques;ForagingGroups;HerbalKnowledge;Mathematics;Mining;Mining_Copper;NeolithicSettlement;Pottery;Quarry;StoneCutting;StoneTools;TreeCultivate;Woodworking"
253,Neolithic,"Clay=62364.72;CopperOre=18045;PlantFiber=46015;Pottery=1845;StoneBrick=29295;StoneChunk=1966.25;WoodLog=164985.4","ClayPit=3;CopperMine=3;FiberGatheringCamp=3;Lumberyard=3;PotteryKiln=3;Quarry=3;StoneCuttingWorkshop=3","Agriculture;AnimalHusbandry;ClayExtraction;ControlledFire;FishingTechniques;ForagingGroups;HerbalKnowledge;Mathematics;Mining;Mining_Copper;NeolithicSettlement;Pottery;Quarry;StoneCutting;StoneTools;TreeCultivate;Woodworking"
254,Neolithic,"Clay=62454.72;CopperOre=18225;PlantFiber=46285;Pottery=2025;StoneBrick=29475;StoneChunk=1966.25;WoodLog=165909.4","ClayPit=3;CopperMine=3;FiberGatheringCamp=3;Lumberyard=3;PotteryKiln=3;Quarry=3;StoneCuttingWorkshop=3","Agriculture;AnimalHusbandry;ClayExtraction;ControlledFire;FishingTechniques;ForagingGroups;HerbalKnowledge;Mathematics;Mining;Mining_Copper;NeolithicSettlement;Pottery;Quarry;StoneCutting;StoneTools;TreeCultivate;Woodworking"
255,Neolithic,"Clay=62544.72;CopperOre=18405;PlantFiber=46555;Pottery=2205;StoneBrick=29655;StoneChunk=1966.25;WoodLog=166833.4","ClayPit=3;CopperMine=3;FiberGatheringCamp=3;Lumberyard=3;PotteryKiln=3;Quarry=3;StoneCuttingWorkshop=3","Agriculture;AnimalHusbandry;ClayExtraction;ControlledFire;FishingTechniques;ForagingGroups;HerbalKnowledge;Mathematics;Mining;Mining_Copper;NeolithicSettlement;Pottery;Quarry;StoneCutting;StoneTools;TreeCultivate;Woodworking"
256,Neolithic,"Clay=62634.72;CopperOre=18585;PlantFiber=46825;Pottery=2385;StoneBrick=29835;StoneChunk=1966.25;WoodLog=167757.4","ClayPit=3;CopperMine=3;FiberGatheringCamp=3;Lumberyard=3;PotteryKiln=3;Quarry=3;StoneCuttingWorkshop=3","Agriculture;AnimalHusbandry;ClayExtraction;ControlledFire;FishingTechniques;ForagingGroups;HerbalKnowledge;Mathematics;Mining;Mining_Copper;NeolithicSettlement;Pottery;Quarry;StoneCutting;StoneTools;TreeCultivate;Woodworking"
257,Neolithic,"Clay=62724.72;CopperOre=18765;PlantFiber=47095;Pottery=2565;StoneBrick=30015;StoneChunk=1966.25;WoodLog=168681.4","ClayPit=3;CopperMine=3;FiberGatheringCamp=3;Lumberyard=3;PotteryKiln=3;Quarry=3;StoneCuttingWorkshop=3","Agriculture;AnimalHusbandry;ClayExtraction;ControlledFire;FishingTechniques;ForagingGroups;HerbalKnowledge;Mathematics;Mining;Mining_Copper;NeolithicSettlement;Pottery;Quarry;StoneCutting;StoneTools;TreeCultivate;Woodworking"
258,Neolithic,"Clay=62814.72;CopperOre=18945;PlantFiber=47365;Pottery=2745;StoneBrick=30195;StoneChunk=1966.25;WoodLog=169605.4","ClayPit=3;CopperMine=3;FiberGatheringCamp=3;Lumberyard=3;PotteryKiln=3;Quarry=3;StoneCuttingWorkshop=3","Agriculture;AnimalHusbandry;ClayExtraction;ControlledFire;FishingTechniques;ForagingGroups;HerbalKnowledge;Mathematics;Mining;Mining_Copper;NeolithicSettlement;Pottery;Quarry;StoneCutting;StoneTools;TreeCultivate;Woodworking"
259,Neolithic,"Clay=62904.72;CopperOre=19125;PlantFiber=47635;Pottery=2925;StoneBrick=30375;StoneChunk=1966.25;WoodLog=170529.4","ClayPit=3;CopperMine=3;FiberGatheringCamp=3;Lumberyard=3;PotteryKiln=3;Quarry=3;StoneCuttingWorkshop=3","Agriculture;AnimalHusbandry;ClayExtraction;ControlledFire;FishingTechniques;ForagingGroups;HerbalKnowledge;Mathematics;Mining;Mining_Copper;NeolithicSettlement;Pottery;Quarry;StoneCutting;StoneTools;TreeCultivate;Woodworking"
260,Neolithic,"Clay=62994.72;CopperOre=19305;PlantFiber=47905;Pottery=3105;StoneBrick=30555;StoneChunk=1966.25;WoodLog=171453.4","ClayPit=3;CopperMine=3;FiberGatheringCamp=3;Lumberyard=3;PotteryKiln=3;Quarry=3;StoneCuttingWorkshop=3","Agriculture;AnimalHusbandry;ClayExtraction;ControlledFire;FishingTechniques;ForagingGroups;HerbalKnowledge;Mathematics;Mining;Mining_Copper;NeolithicSettlement;Pottery;Quarry;StoneCutting;StoneTools;TreeCultivate;Woodworking"
261,Neolithic,"Clay=63084.72;CopperOre=19485;PlantFiber=48175;Pottery=3285;StoneBrick=30735;StoneChunk=1966.25;WoodLog=172377.4","ClayPit=3;CopperMine=3;FiberGatheringCamp=3;Lumberyard=3;PotteryKiln=3;Quarry=3;StoneCuttingWorkshop=3","Agriculture;AnimalHusbandry;ClayExtraction;ControlledFire;FishingTechniques;ForagingGroups;HerbalKnowledge;Mathematics;Mining;Mining_Copper;NeolithicSettlement;Pottery;Quarry;StoneCutting;StoneTools;TreeCultivate;Woodworking"
262,Neolithic,"Clay=63174.72;CopperOre=19665;PlantFiber=48445;Pottery=3465;StoneBrick=30915;StoneChunk=1966.25;WoodLog=173301.4","ClayPit=3;CopperMine=3;FiberGatheringCamp=3;Lumberyard=3;PotteryKiln=3;Quarry=3;StoneCuttingWorkshop=3","Agriculture;AnimalHusbandry;ClayExtraction;ControlledFire;FishingTechniques;ForagingGroups;HerbalKnowledge;Mathematics;Mining;Mining_Copper;NeolithicSettlement;Pottery;Quarry;StoneCutting;StoneTools;TreeCultivate;Woodworking"
263,Neolithic,"Clay=63264.72;CopperOre=19845;PlantFiber=48715;Pottery=3645;StoneBrick=31095;StoneChunk=1966.25;WoodLog=174225.4","ClayPit=3;CopperMine=3;FiberGatheringCamp=3;Lumberyard=3;PotteryKiln=3;Quarry=3;StoneCuttingWorkshop=3","Agriculture;AnimalHusbandry;ClayExtraction;ControlledFire;FishingTechniques;ForagingGroups;HerbalKnowledge;Mathematics;Mining;Mining_Copper;NeolithicSettlement;Pottery;Quarry;StoneCutting;StoneTools;TreeCultivate;Woodworking"
264,Neolithic,"Clay=63354.72;CopperOre=20025;PlantFiber=48985;Pottery=3825;StoneBrick=31275;StoneChunk=1966.25;WoodLog=175149.4","ClayPit=3;CopperMine=3;FiberGatheringCamp=3;Lumberyard=3;PotteryKiln=3;Quarry=3;StoneCuttingWorkshop=3","Agriculture;AnimalHusbandry;ClayExtraction;ControlledFire;FishingTechniques;ForagingGroups;HerbalKnowledge;Mathematics;Mining;Mining_Copper;NeolithicSettlement;Pottery;Quarry;StoneCutting;StoneTools;TreeCultivate;Woodworking"
265,Neolithic,"Clay=63444.72;CopperOre=20205;PlantFiber=49255;Pottery=4005;StoneBrick=31455;StoneChunk=1966.25;WoodLog=176073.4","ClayPit=3;CopperMine=3;FiberGatheringCamp=3;Lumberyard=3;PotteryKiln=3;Quarry=3;StoneCuttingWorkshop=3","Agriculture;AnimalHusbandry;ClayExtraction;ControlledFire;FishingTechniques;ForagingGroups;HerbalKnowledge;Mathematics;Mining;Mining_Copper;NeolithicSettlement;Pottery;Quarry;StoneCutting;StoneTools;TreeCultivate;Woodworking"
266,Neolithic,"Clay=63534.72;CopperOre=20385;PlantFiber=49525;Pottery=4185;StoneBrick=31635;StoneChunk=1966.25;WoodLog=176997.4","ClayPit=3;CopperMine=3;FiberGatheringCamp=3;Lumberyard=3;PotteryKiln=3;Quarry=3;StoneCuttingWorkshop=3","Agriculture;AnimalHusbandry;ClayExtraction;ControlledFire;FishingTechniques;ForagingGroups;HerbalKnowledge;Mathematics;Mining;Mining_Copper;NeolithicSettlement;Pottery;Quarry;StoneCutting;StoneTools;TreeCultivate;Woodworking"
267,Neolithic,"Clay=63624.72;CopperOre=20565;PlantFiber=49795;Pottery=4365;StoneBrick=31815;StoneChunk=1966.25;WoodLog=177921.4","ClayPit=3;CopperMine=3;FiberGatheringCamp=3;Lumberyard=3;PotteryKiln=3;Quarry=3;StoneCuttingWorkshop=3","Agriculture;AnimalHusbandry;ClayExtraction;ControlledFire;FishingTechniques;ForagingGroups;HerbalKnowledge;Mathematics;Mining;Mining_Copper;NeolithicSettlement;Pottery;Quarry;StoneCutting;StoneTools;TreeCultivate;Woodworking"
268,Neolithic,"Clay=63714.72;CopperOre=20745;PlantFiber=50065;Pottery=4545;StoneBrick=31995;StoneChunk=1966.25;WoodLog=178845.4","ClayPit=3;CopperMine=3;FiberGatheringCamp=3;Lumberyard=3;PotteryKiln=3;Quarry=3;StoneCuttingWorkshop=3","Agriculture;AnimalHusbandry;ClayExtraction;ControlledFire;FishingTechniques;ForagingGroups;HerbalKnowledge;Mathematics;Mining;Mining_Copper;NeolithicSettlement;Pottery;Quarry;StoneCutting;StoneTools;TreeCultivate;Woodworking"
269,Neolithic,"Clay=63804.72;CopperOre=20925;PlantFiber=50335;Pottery=4725;StoneBrick=32175;StoneChunk=1966.25;WoodLog=179769.4","ClayPit=3;CopperMine=3;FiberGatheringCamp=3;Lumberyard=3;PotteryKiln=3;Quarry=3;StoneCuttingWorkshop=3","Agriculture;AnimalHusbandry;ClayExtraction;ControlledFire;FishingTechniques;ForagingGroups;HerbalKnowledge;Mathematics;Mining;Mining_Copper;NeolithicSettlement;Pottery;Quarry;StoneCutting;StoneTools;TreeCultivate;Woodworking"
270,Neolithic,"Clay=63894.72;CopperOre=21105;PlantFiber=50605;Pottery=4905;StoneBrick=32355;StoneChunk=1966.25;WoodLog=180693.4","ClayPit=3;CopperMine=3;FiberGatheringCamp=3;Lumberyard=3;PotteryKiln=3;Quarry=3;StoneCuttingWorkshop=3","Agriculture;AnimalHusbandry;ClayExtraction;ControlledFire;FishingTechniques;ForagingGroups;HerbalKnowledge;Mathematics;Mining;Mining_Copper;NeolithicSettlement;Pottery;Quarry;StoneCutting;StoneTools;TreeCultivate;Woodworking"
271,Neolithic,"Clay=63984.72;CopperOre=21285;PlantFiber=50875;Pottery=5085;StoneBrick=32535;StoneChunk=1966.25;WoodLog=181617.4","ClayPit=3;CopperMine=3;FiberGatheringCamp=3;Lumberyard=3;PotteryKiln=3;Quarry=3;StoneCuttingWorkshop=3","Agriculture;AnimalHusbandry;ClayExtraction;ControlledFire;FishingTechniques;ForagingGroups;HerbalKnowledge;Mathematics;Mining;Mining_Copper;NeolithicSettlement;Pottery;Quarry;StoneCutting;StoneTools;TreeCultivate;Woodworking"
272,Neolithic,"Clay=64074.72;CopperOre=21465;PlantFiber=51145;Pottery=5265;StoneBrick=32715;StoneChunk=1966.25;WoodLog=182541.4","ClayPit=3;CopperMine=3;FiberGatheringCamp=3;Lumberyard=3;PotteryKiln=3;Quarry=3;StoneCuttingWorkshop=3","Agriculture;AnimalHusbandry;ClayExtraction;ControlledFire;FishingTechniques;ForagingGroups;HerbalKnowledge;Mathematics;Mining;Mining_Copper;NeolithicSettlement;Pottery;Quarry;StoneCutting;StoneTools;TreeCultivate;Woodworking"
273,Neolithic,"Clay=64164.72;CopperOre=21645;PlantFiber=51415;Pottery=5445;StoneBrick=32895;StoneChunk=1966.25;WoodLog=183465.4","ClayPit=3;CopperMine=3;FiberGatheringCamp=3;Lumberyard=3;PotteryKiln=3;Quarry=3;StoneCuttingWorkshop=3","Agriculture;AnimalHusbandry;ClayExtraction;ControlledFire;FishingTechniques;ForagingGroups;HerbalKnowledge;Mathematics;Mining;Mining_Copper;NeolithicSettlement;Pottery;Quarry;StoneCutting;StoneTools;TreeCultivate;Woodworking"
274,Neolithic,"Clay=64254.72;CopperOre=21825;PlantFiber=51685;Pottery=5625;StoneBrick=33075;StoneChunk=1966.25;WoodLog=184389.4","ClayPit=3;CopperMine=3;FiberGatheringCamp=3;Lumberyard=3;PotteryKiln=3;Quarry=3;StoneCuttingWorkshop=3","Agriculture;AnimalHusbandry;ClayExtraction;ControlledFire;FishingTechniques;ForagingGroups;HerbalKnowledge;Mathematics;Mining;Mining_Copper;NeolithicSettlement;Pottery;Quarry;StoneCutting;StoneTools;TreeCultivate;Woodworking"
275,Neolithic,"Clay=64344.72;CopperOre=22005;PlantFiber=51955;Pottery=5805;StoneBrick=33255;StoneChunk=1966.25;WoodLog=185313.4","ClayPit=3;CopperMine=3;FiberGatheringCamp=3;Lumberyard=3;PotteryKiln=3;Quarry=3;StoneCuttingWorkshop=3","Agriculture;AnimalHusbandry;ClayExtraction;ControlledFire;FishingTechniques;ForagingGroups;HerbalKnowledge;Mathematics;Mining;Mining_Copper;NeolithicSettlement;Pottery;Quarry;StoneCutting;StoneTools;TreeCultivate;Woodworking"
276,Neolithic,"Clay=64434.72;CopperOre=22185;PlantFiber=52225;Pottery=5985;StoneBrick=33435;StoneChunk=1966.25;WoodLog=186237.4","ClayPit=3;CopperMine=3;FiberGatheringCamp=3;Lumberyard=3;PotteryKiln=3;Quarry=3;StoneCuttingWorkshop=3","Agriculture;AnimalHusbandry;ClayExtraction;ControlledFire;FishingTechniques;ForagingGroups;HerbalKnowledge;Mathematics;Mining;Mining_Copper;NeolithicSettlement;Pottery;Quarry;StoneCutting;StoneTools;TreeCultivate;Woodworking"
277,Neolithic,"Clay=64524.72;CopperOre=22365;PlantFiber=52495;Pottery=6165;StoneBrick=33615;StoneChunk=1966.25;WoodLog=187161.4","ClayPit=3;CopperMine=3;FiberGatheringCamp=3;Lumberyard=3;PotteryKiln=3;Quarry=3;StoneCuttingWorkshop=3","Agriculture;AnimalHusbandry;ClayExtraction;ControlledFire;FishingTechniques;ForagingGroups;HerbalKnowledge;Mathematics;Mining;Mining_Copper;NeolithicSettlement;Pottery;Quarry;StoneCutting;StoneTools;TreeCultivate;Woodworking"
278,Neolithic,"Clay=64614.72;CopperOre=22545;PlantFiber=52715;Pottery=6345;StoneBrick=33795;StoneChunk=1966.25;WoodLog=188085.4","ClayPit=3;CopperMine=3;FiberGatheringCamp=3;Lumberyard=3;PotteryKiln=3;Quarry=3;StoneCuttingWorkshop=3","Agriculture;AnimalHusbandry;Calendar;ClayExtraction;ControlledFire;FishingTechniques;ForagingGroups;HerbalKnowledge;Mathematics;Mining;Mining_Copper;NeolithicSettlement;Pottery;Quarry;StoneCutting;StoneTools;TreeCultivate;Woodworking"
279,Neolithic,"Clay=64704.72;CopperOre=22725;PlantFiber=52985;Pottery=6525;StoneBrick=33975;StoneChunk=1966.25;WoodLog=189009.4","ClayPit=3;CopperMine=3;FiberGatheringCamp=3;Lumberyard=3;PotteryKiln=3;Quarry=3;StoneCuttingWorkshop=3","Agriculture;AnimalHusbandry;Calendar;ClayExtraction;ControlledFire;FishingTechniques;ForagingGroups;HerbalKnowledge;Mathematics;Mining;Mining_Copper;NeolithicSettlement;Pottery;Quarry;StoneCutting;StoneTools;TreeCultivate;Woodworking"
280,Neolithic,"Clay=64794.72;CopperOre=22905;PlantFiber=53255;Pottery=6705;StoneBrick=34155;StoneChunk=1966.25;WoodLog=189933.4","ClayPit=3;CopperMine=3;FiberGatheringCamp=3;Lumberyard=3;PotteryKiln=3;Quarry=3;StoneCuttingWorkshop=3","Agriculture;AnimalHusbandry;Calendar;ClayExtraction;ControlledFire;FishingTechniques;ForagingGroups;HerbalKnowledge;Mathematics;Mining;Mining_Copper;NeolithicSettlement;Pottery;Quarry;StoneCutting;StoneTools;TreeCultivate;Woodworking"
281,Neolithic,"Clay=64884.72;CopperOre=23085;PlantFiber=53525;Pottery=6885;StoneBrick=34335;StoneChunk=1966.25;WoodLog=190857.4","ClayPit=3;CopperMine=3;FiberGatheringCamp=3;Lumberyard=3;PotteryKiln=3;Quarry=3;StoneCuttingWorkshop=3","Agriculture;AnimalHusbandry;Calendar;ClayExtraction;ControlledFire;FishingTechniques;ForagingGroups;HerbalKnowledge;Mathematics;Mining;Mining_Copper;NeolithicSettlement;Pottery;Quarry;StoneCutting;StoneTools;TreeCultivate;Woodworking"
282,Neolithic,"Clay=64974.72;CopperOre=23265;PlantFiber=53795;Pottery=7065;StoneBrick=34515;StoneChunk=1966.25;WoodLog=191781.4","ClayPit=3;CopperMine=3;FiberGatheringCamp=3;Lumberyard=3;PotteryKiln=3;Quarry=3;StoneCuttingWorkshop=3","Agriculture;AnimalHusbandry;Calendar;ClayExtraction;ControlledFire;FishingTechniques;ForagingGroups;HerbalKnowledge;Mathematics;Mining;Mining_Copper;NeolithicSettlement;Pottery;Quarry;StoneCutting;StoneTools;TreeCultivate;Woodworking"
283,Neolithic,"Clay=65064.72;CopperOre=23445;PlantFiber=54065;Pottery=7245;StoneBrick=34695;StoneChunk=1966.25;WoodLog=192705.4","ClayPit=3;CopperMine=3;FiberGatheringCamp=3;Lumberyard=3;PotteryKiln=3;Quarry=3;StoneCuttingWorkshop=3","Agriculture;AnimalHusbandry;Calendar;ClayExtraction;ControlledFire;FishingTechniques;ForagingGroups;HerbalKnowledge;Mathematics;Mining;Mining_Copper;NeolithicSettlement;Pottery;Quarry;StoneCutting;StoneTools;TreeCultivate;Woodworking"
284,Neolithic,"Clay=65154.72;CopperOre=23625;PlantFiber=54335;Pottery=7425;StoneBrick=34875;StoneChunk=1966.25;WoodLog=193629.4","ClayPit=3;CopperMine=3;FiberGatheringCamp=3;Lumberyard=3;PotteryKiln=3;Quarry=3;StoneCuttingWorkshop=3","Agriculture;AnimalHusbandry;Calendar;ClayExtraction;ControlledFire;FishingTechniques;ForagingGroups;HerbalKnowledge;Mathematics;Mining;Mining_Copper;NeolithicSettlement;Pottery;Quarry;StoneCutting;StoneTools;TreeCultivate;Woodworking"
285,Neolithic,"Clay=65244.72;CopperOre=23805;PlantFiber=54605;Pottery=7605;StoneBrick=35055;StoneChunk=1966.25;WoodLog=194553.4","ClayPit=3;CopperMine=3;FiberGatheringCamp=3;Lumberyard=3;PotteryKiln=3;Quarry=3;StoneCuttingWorkshop=3","Agriculture;AnimalHusbandry;Calendar;ClayExtraction;ControlledFire;FishingTechniques;ForagingGroups;HerbalKnowledge;Mathematics;Mining;Mining_Copper;NeolithicSettlement;Pottery;Quarry;StoneCutting;StoneTools;TreeCultivate;Woodworking"
286,Neolithic,"Clay=65334.72;CopperOre=23985;PlantFiber=54875;Pottery=7785;StoneBrick=35235;StoneChunk=1966.25;WoodLog=195477.4","ClayPit=3;CopperMine=3;FiberGatheringCamp=3;Lumberyard=3;PotteryKiln=3;Quarry=3;StoneCuttingWorkshop=3","Agriculture;AnimalHusbandry;Calendar;ClayExtraction;ControlledFire;FishingTechniques;ForagingGroups;HerbalKnowledge;Mathematics;Mining;Mining_Copper;NeolithicSettlement;Pottery;Quarry;StoneCutting;StoneTools;TreeCultivate;Woodworking"
287,Neolithic,"Clay=65424.72;CopperOre=24165;PlantFiber=55145;Pottery=7965;StoneBrick=35415;StoneChunk=1966.25;WoodLog=196401.4","ClayPit=3;CopperMine=3;FiberGatheringCamp=3;Lumberyard=3;PotteryKiln=3;Quarry=3;StoneCuttingWorkshop=3","Agriculture;AnimalHusbandry;Calendar;ClayExtraction;ControlledFire;FishingTechniques;ForagingGroups;HerbalKnowledge;Mathematics;Mining;Mining_Copper;NeolithicSettlement;Pottery;Quarry;StoneCutting;StoneTools;TreeCultivate;Woodworking"
288,Neolithic,"Clay=65514.72;CopperOre=24345;PlantFiber=55415;Pottery=8145;StoneBrick=35595;StoneChunk=1966.25;WoodLog=197325.4","ClayPit=3;CopperMine=3;FiberGatheringCamp=3;Lumberyard=3;PotteryKiln=3;Quarry=3;StoneCuttingWorkshop=3","Agriculture;AnimalHusbandry;Calendar;ClayExtraction;ControlledFire;FishingTechniques;ForagingGroups;HerbalKnowledge;Mathematics;Mining;Mining_Copper;NeolithicSettlement;Pottery;Quarry;StoneCutting;StoneTools;TreeCultivate;Woodworking"
289,Neolithic,"Clay=65604.72;CopperOre=24525;PlantFiber=55685;Pottery=8325;StoneBrick=35775;StoneChunk=1966.25;WoodLog=198249.4","ClayPit=3;CopperMine=3;FiberGatheringCamp=3;Lumberyard=3;PotteryKiln=3;Quarry=3;StoneCuttingWorkshop=3","Agriculture;AnimalHusbandry;Calendar;ClayExtraction;ControlledFire;FishingTechniques;ForagingGroups;HerbalKnowledge;Mathematics;Mining;Mining_Copper;NeolithicSettlement;Pottery;Quarry;StoneCutting;StoneTools;TreeCultivate;Woodworking"
290,Neolithic,"Clay=65694.72;CopperOre=24705;PlantFiber=55955;Pottery=8505;StoneBrick=35955;StoneChunk=1966.25;WoodLog=199173.4","ClayPit=3;CopperMine=3;FiberGatheringCamp=3;Lumberyard=3;PotteryKiln=3;Quarry=3;StoneCuttingWorkshop=3","Agriculture;AnimalHusbandry;Calendar;ClayExtraction;ControlledFire;FishingTechniques;ForagingGroups;HerbalKnowledge;Mathematics;Mining;Mining_Copper;NeolithicSettlement;Pottery;Quarry;StoneCutting;StoneTools;TreeCultivate;Woodworking"
291,Neolithic,"Clay=65784.72;CopperOre=24885;PlantFiber=56225;Pottery=8685;StoneBrick=36135;StoneChunk=1966.25;WoodLog=200097.4","ClayPit=3;CopperMine=3;FiberGatheringCamp=3;Lumberyard=3;PotteryKiln=3;Quarry=3;StoneCuttingWorkshop=3","Agriculture;AnimalHusbandry;Calendar;ClayExtraction;ControlledFire;FishingTechniques;ForagingGroups;HerbalKnowledge;Mathematics;Mining;Mining_Copper;NeolithicSettlement;Pottery;Quarry;StoneCutting;StoneTools;TreeCultivate;Woodworking"
292,Neolithic,"Clay=65874.72;CopperOre=25065;PlantFiber=56495;Pottery=8865;StoneBrick=36315;StoneChunk=1966.25;WoodLog=201021.4","ClayPit=3;CopperMine=3;FiberGatheringCamp=3;Lumberyard=3;PotteryKiln=3;Quarry=3;StoneCuttingWorkshop=3","Agriculture;AnimalHusbandry;Calendar;ClayExtraction;ControlledFire;FishingTechniques;ForagingGroups;HerbalKnowledge;Mathematics;Mining;Mining_Copper;NeolithicSettlement;Pottery;Quarry;StoneCutting;StoneTools;TreeCultivate;Woodworking"
293,Neolithic,"Clay=65964.72;CopperOre=25245;PlantFiber=56765;Pottery=9045;StoneBrick=36495;StoneChunk=1966.25;WoodLog=201945.4","ClayPit=3;CopperMine=3;FiberGatheringCamp=3;Lumberyard=3;PotteryKiln=3;Quarry=3;StoneCuttingWorkshop=3","Agriculture;AnimalHusbandry;Calendar;ClayExtraction;ControlledFire;FishingTechniques;ForagingGroups;HerbalKnowledge;Mathematics;Mining;Mining_Copper;NeolithicSettlement;Pottery;Quarry;StoneCutting;StoneTools;TreeCultivate;Woodworking"
294,Neolithic,"Clay=66054.72;CopperOre=25425;PlantFiber=57035;Pottery=9225;StoneBrick=36675;StoneChunk=1966.25;WoodLog=202869.4","ClayPit=3;CopperMine=3;FiberGatheringCamp=3;Lumberyard=3;PotteryKiln=3;Quarry=3;StoneCuttingWorkshop=3","Agriculture;AnimalHusbandry;Calendar;ClayExtraction;ControlledFire;FishingTechniques;ForagingGroups;HerbalKnowledge;Mathematics;Mining;Mining_Copper;NeolithicSettlement;Pottery;Quarry;StoneCutting;StoneTools;TreeCultivate;Woodworking"
295,Neolithic,"Clay=66144.72;CopperOre=25605;PlantFiber=57305;Pottery=9405;StoneBrick=36855;StoneChunk=1966.25;WoodLog=203793.4","ClayPit=3;CopperMine=3;FiberGatheringCamp=3;Lumberyard=3;PotteryKiln=3;Quarry=3;StoneCuttingWorkshop=3","Agriculture;AnimalHusbandry;Calendar;ClayExtraction;ControlledFire;FishingTechniques;ForagingGroups;HerbalKnowledge;Mathematics;Mining;Mining_Copper;NeolithicSettlement;Pottery;Quarry;StoneCutting;StoneTools;TreeCultivate;Woodworking"
296,Neolithic,"Clay=66234.72;CopperOre=25785;PlantFiber=57575;Pottery=9585;StoneBrick=37035;StoneChunk=1966.25;WoodLog=204717.4","ClayPit=3;CopperMine=3;FiberGatheringCamp=3;Lumberyard=3;PotteryKiln=3;Quarry=3;StoneCuttingWorkshop=3","Agriculture;AnimalHusbandry;Calendar;ClayExtraction;ControlledFire;FishingTechniques;ForagingGroups;HerbalKnowledge;Mathematics;Mining;Mining_Copper;NeolithicSettlement;Pottery;Quarry;StoneCutting;StoneTools;TreeCultivate;Woodworking"
297,Neolithic,"Clay=66324.72;CopperOre=25965;PlantFiber=57845;Pottery=9765;StoneBrick=37215;StoneChunk=1966.25;WoodLog=205641.4","ClayPit=3;CopperMine=3;FiberGatheringCamp=3;Lumberyard=3;PotteryKiln=3;Quarry=3;StoneCuttingWorkshop=3","Agriculture;AnimalHusbandry;Calendar;ClayExtraction;ControlledFire;FishingTechniques;ForagingGroups;HerbalKnowledge;Mathematics;Mining;Mining_Copper;NeolithicSettlement;Pottery;Quarry;StoneCutting;StoneTools;TreeCultivate;Woodworking"
298,Neolithic,"Clay=66414.72;CopperOre=26145;PlantFiber=58115;Pottery=9945;StoneBrick=37395;StoneChunk=1966.25;WoodLog=206565.4","ClayPit=3;CopperMine=3;FiberGatheringCamp=3;Lumberyard=3;PotteryKiln=3;Quarry=3;StoneCuttingWorkshop=3","Agriculture;AnimalHusbandry;Calendar;ClayExtraction;ControlledFire;FishingTechniques;ForagingGroups;HerbalKnowledge;Mathematics;Mining;Mining_Copper;NeolithicSettlement;Pottery;Quarry;StoneCutting;StoneTools;TreeCultivate;Woodworking"
299,Neolithic,"Clay=66504.72;CopperOre=26325;PlantFiber=58385;Pottery=10125;StoneBrick=37575;StoneChunk=1966.25;WoodLog=207489.4","ClayPit=3;CopperMine=3;FiberGatheringCamp=3;Lumberyard=3;PotteryKiln=3;Quarry=3;StoneCuttingWorkshop=3","Agriculture;AnimalHusbandry;Calendar;ClayExtraction;ControlledFire;FishingTechniques;ForagingGroups;HerbalKnowledge;Mathematics;Mining;Mining_Copper;NeolithicSettlement;Pottery;Quarry;StoneCutting;StoneTools;TreeCultivate;Woodworking"
300,Neolithic,"Clay=66594.72;CopperOre=26505;PlantFiber=58655;Pottery=10305;StoneBrick=37755;StoneChunk=1966.25;WoodLog=208413.4","ClayPit=3;CopperMine=3;FiberGatheringCamp=3;Lumberyard=3;PotteryKiln=3;Quarry=3;StoneCuttingWorkshop=3","Agriculture;AnimalHusbandry;Calendar;ClayExtraction;ControlledFire;FishingTechniques;ForagingGroups;HerbalKnowledge;Mathematics;Mining;Mining_Copper;NeolithicSettlement;Pottery;Quarry;StoneCutting;StoneTools;TreeCultivate;Woodworking"
301,Neolithic,"Clay=66684.72;Cloth=15;CopperOre=26685;PlantFiber=58802;Pottery=10485;StoneBrick=37935;StoneChunk=1966.25;WoodLog=209251","ClayPit=3;CopperMine=3;FiberGatheringCamp=3;Lumberyard=3;PotteryKiln=3;Quarry=3;StoneCuttingWorkshop=3;WeavingWorkshop=2","Agriculture;AnimalHusbandry;Calendar;ClayExtraction;ControlledFire;FishingTechniques;ForagingGroups;HerbalKnowledge;Mathematics;Mining;Mining_Copper;NeolithicSettlement;Pottery;Quarry;StoneCutting;StoneTools;TextileCraft;TreeCultivate;Woodworking"
302,Neolithic,"Clay=66774.72;Cloth=180;CopperOre=26865;PlantFiber=58839.72;Pottery=10665;StoneBrick=38115;StoneChunk=1966.25;WoodLog=210121.17","ClayPit=3;CopperMine=3;FiberGatheringCamp=3;Lumberyard=3;PotteryKiln=3;Quarry=3;StoneCuttingWorkshop=3;WeavingWorkshop=3","Agriculture;AnimalHusbandry;Calendar;ClayExtraction;ControlledFire;FishingTechniques;ForagingGroups;HerbalKnowledge;Mathematics;Mining;Mining_Copper;NeolithicSettlement;Pottery;Quarry;StoneCutting;StoneTools;TextileCraft;TreeCultivate;Woodworking"
303,Neolithic,"Clay=66864.72;Cloth=360;CopperOre=27045;PlantFiber=58929.72;Pottery=10845;StoneBrick=38295;StoneChunk=1966.25;WoodLog=211045.17","ClayPit=3;CopperMine=3;FiberGatheringCamp=3;Lumberyard=3;PotteryKiln=3;Quarry=3;StoneCuttingWorkshop=3;WeavingWorkshop=3","Agriculture;AnimalHusbandry;Calendar;ClayExtraction;ControlledFire;FishingTechniques;ForagingGroups;HerbalKnowledge;Mathematics;Mining;Mining_Copper;NeolithicSettlement;Pottery;Quarry;StoneCutting;StoneTools;TextileCraft;TreeCultivate;Woodworking"
304,Neolithic,"Clay=66954.72;Cloth=540;CopperOre=27225;PlantFiber=59019.72;Pottery=11025;StoneBrick=38475;StoneChunk=1966.25;WoodLog=211969.17","ClayPit=3;CopperMine=3;FiberGatheringCamp=3;Lumberyard=3;PotteryKiln=3;Quarry=3;StoneCuttingWorkshop=3;WeavingWorkshop=3","Agriculture;AnimalHusbandry;Calendar;ClayExtraction;ControlledFire;FishingTechniques;ForagingGroups;HerbalKnowledge;Mathematics;Mining;Mining_Copper;NeolithicSettlement;Pottery;Quarry;StoneCutting;StoneTools;TextileCraft;TreeCultivate;Woodworking"
305,Neolithic,"Clay=67044.72;Cloth=720;CopperOre=27405;PlantFiber=59109.72;Pottery=11205;StoneBrick=38655;StoneChunk=1966.25;WoodLog=212893.17","ClayPit=3;CopperMine=3;FiberGatheringCamp=3;Lumberyard=3;PotteryKiln=3;Quarry=3;StoneCuttingWorkshop=3;WeavingWorkshop=3","Agriculture;AnimalHusbandry;Calendar;ClayExtraction;ControlledFire;FishingTechniques;ForagingGroups;HerbalKnowledge;Mathematics;Mining;Mining_Copper;NeolithicSettlement;Pottery;Quarry;StoneCutting;StoneTools;TextileCraft;TreeCultivate;Woodworking"
306,Neolithic,"Clay=67134.72;Cloth=900;CopperOre=27585;PlantFiber=59199.72;Pottery=11385;StoneBrick=38835;StoneChunk=1966.25;WoodLog=213817.17","ClayPit=3;CopperMine=3;FiberGatheringCamp=3;Lumberyard=3;PotteryKiln=3;Quarry=3;StoneCuttingWorkshop=3;WeavingWorkshop=3","Agriculture;AnimalHusbandry;Calendar;ClayExtraction;ControlledFire;FishingTechniques;ForagingGroups;HerbalKnowledge;Mathematics;Mining;Mining_Copper;NeolithicSettlement;Pottery;Quarry;StoneCutting;StoneTools;TextileCraft;TreeCultivate;Woodworking"
307,Neolithic,"Clay=67224.72;Cloth=1080;CopperOre=27765;PlantFiber=59289.72;Pottery=11565;StoneBrick=39015;StoneChunk=1966.25;WoodLog=214741.17","ClayPit=3;CopperMine=3;FiberGatheringCamp=3;Lumberyard=3;PotteryKiln=3;Quarry=3;StoneCuttingWorkshop=3;WeavingWorkshop=3","Agriculture;AnimalHusbandry;Calendar;ClayExtraction;ControlledFire;FishingTechniques;ForagingGroups;HerbalKnowledge;Mathematics;Mining;Mining_Copper;NeolithicSettlement;Pottery;Quarry;StoneCutting;StoneTools;TextileCraft;TreeCultivate;Woodworking"
308,Neolithic,"Clay=67314.72;Cloth=1260;CopperOre=27945;PlantFiber=59379.72;Pottery=11745;StoneBrick=39195;StoneChunk=1966.25;WoodLog=215665.17","ClayPit=3;CopperMine=3;FiberGatheringCamp=3;Lumberyard=3;PotteryKiln=3;Quarry=3;StoneCuttingWorkshop=3;WeavingWorkshop=3","Agriculture;AnimalHusbandry;Calendar;ClayExtraction;ControlledFire;FishingTechniques;ForagingGroups;HerbalKnowledge;Mathematics;Mining;Mining_Copper;NeolithicSettlement;Pottery;Quarry;StoneCutting;StoneTools;TextileCraft;TreeCultivate;Woodworking"
309,Neolithic,"Clay=67404.72;Cloth=1440;CopperOre=28125;PlantFiber=59469.72;Pottery=11925;StoneBrick=39375;StoneChunk=1966.25;WoodLog=216589.17","ClayPit=3;CopperMine=3;FiberGatheringCamp=3;Lumberyard=3;PotteryKiln=3;Quarry=3;StoneCuttingWorkshop=3;WeavingWorkshop=3","Agriculture;AnimalHusbandry;Calendar;ClayExtraction;ControlledFire;FishingTechniques;ForagingGroups;HerbalKnowledge;Mathematics;Mining;Mining_Copper;NeolithicSettlement;Pottery;Quarry;StoneCutting;StoneTools;TextileCraft;TreeCultivate;Woodworking"
310,Neolithic,"Clay=67494.72;Cloth=1620;CopperOre=28305;PlantFiber=59559.72;Pottery=12105;StoneBrick=39555;StoneChunk=1966.25;WoodLog=217513.17","ClayPit=3;CopperMine=3;FiberGatheringCamp=3;Lumberyard=3;PotteryKiln=3;Quarry=3;StoneCuttingWorkshop=3;WeavingWorkshop=3","Agriculture;AnimalHusbandry;Calendar;ClayExtraction;ControlledFire;FishingTechniques;ForagingGroups;HerbalKnowledge;Mathematics;Mining;Mining_Copper;NeolithicSettlement;Pottery;Quarry;StoneCutting;StoneTools;TextileCraft;TreeCultivate;Woodworking"
311,Neolithic,"Clay=67584.72;Cloth=1800;CopperOre=28485;PlantFiber=59649.72;Pottery=12285;StoneBrick=39735;StoneChunk=1966.25;WoodLog=218437.17","ClayPit=3;CopperMine=3;FiberGatheringCamp=3;Lumberyard=3;PotteryKiln=3;Quarry=3;StoneCuttingWorkshop=3;WeavingWorkshop=3","Agriculture;AnimalHusbandry;Calendar;ClayExtraction;ControlledFire;FishingTechniques;ForagingGroups;HerbalKnowledge;Mathematics;Mining;Mining_Copper;NeolithicSettlement;Pottery;Quarry;StoneCutting;StoneTools;TextileCraft;TreeCultivate;Woodworking"
312,Neolithic,"Clay=67674.72;Cloth=1980;CopperOre=28665;PlantFiber=59739.72;Pottery=12465;StoneBrick=39915;StoneChunk=1966.25;WoodLog=219361.17","ClayPit=3;CopperMine=3;FiberGatheringCamp=3;Lumberyard=3;PotteryKiln=3;Quarry=3;StoneCuttingWorkshop=3;WeavingWorkshop=3","Agriculture;AnimalHusbandry;Calendar;ClayExtraction;ControlledFire;FishingTechniques;ForagingGroups;HerbalKnowledge;Mathematics;Mining;Mining_Copper;NeolithicSettlement;Pottery;Quarry;StoneCutting;StoneTools;TextileCraft;TreeCultivate;Woodworking"
313,Neolithic,"Clay=67764.72;Cloth=2160;CopperOre=28845;PlantFiber=59829.72;Pottery=12645;StoneBrick=40095;StoneChunk=1966.25;WoodLog=220285.17","ClayPit=3;CopperMine=3;FiberGatheringCamp=3;Lumberyard=3;PotteryKiln=3;Quarry=3;StoneCuttingWorkshop=3;WeavingWorkshop=3","Agriculture;AnimalHusbandry;Calendar;ClayExtraction;ControlledFire;FishingTechniques;ForagingGroups;HerbalKnowledge;Mathematics;Mining;Mining_Copper;NeolithicSettlement;Pottery;Quarry;StoneCutting;StoneTools;TextileCraft;TreeCultivate;Woodworking"
314,Neolithic,"Clay=67854.72;Cloth=2340;CopperOre=29025;PlantFiber=59919.72;Pottery=12825;StoneBrick=40275;StoneChunk=1966.25;WoodLog=221209.17","ClayPit=3;CopperMine=3;FiberGatheringCamp=3;Lumberyard=3;PotteryKiln=3;Quarry=3;StoneCuttingWorkshop=3;WeavingWorkshop=3","Agriculture;AnimalHusbandry;Calendar;ClayExtraction;ControlledFire;FishingTechniques;ForagingGroups;HerbalKnowledge;Mathematics;Mining;Mining_Copper;NeolithicSettlement;Pottery;Quarry;StoneCutting;StoneTools;TextileCraft;TreeCultivate;Woodworking"
315,Neolithic,"Clay=67944.72;Cloth=2520;CopperOre=29205;PlantFiber=60009.72;Pottery=13005;StoneBrick=40455;StoneChunk=1966.25;WoodLog=222133.17","ClayPit=3;CopperMine=3;FiberGatheringCamp=3;Lumberyard=3;PotteryKiln=3;Quarry=3;StoneCuttingWorkshop=3;WeavingWorkshop=3","Agriculture;AnimalHusbandry;Calendar;ClayExtraction;ControlledFire;FishingTechniques;ForagingGroups;HerbalKnowledge;Mathematics;Mining;Mining_Copper;NeolithicSettlement;Pottery;Quarry;StoneCutting;StoneTools;TextileCraft;TreeCultivate;Woodworking"
316,Neolithic,"Clay=68034.72;Cloth=2700;CopperOre=29385;PlantFiber=60099.72;Pottery=13185;StoneBrick=40635;StoneChunk=1966.25;WoodLog=223057.17","ClayPit=3;CopperMine=3;FiberGatheringCamp=3;Lumberyard=3;PotteryKiln=3;Quarry=3;StoneCuttingWorkshop=3;WeavingWorkshop=3","Agriculture;AnimalHusbandry;Calendar;ClayExtraction;ControlledFire;FishingTechniques;ForagingGroups;HerbalKnowledge;Mathematics;Mining;Mining_Copper;NeolithicSettlement;Pottery;Quarry;StoneCutting;StoneTools;TextileCraft;TreeCultivate;Woodworking"
317,Neolithic,"Clay=68124.72;Cloth=2880;CopperOre=29565;PlantFiber=60189.72;Pottery=13365;StoneBrick=40815;StoneChunk=1966.25;WoodLog=223981.17","ClayPit=3;CopperMine=3;FiberGatheringCamp=3;Lumberyard=3;PotteryKiln=3;Quarry=3;StoneCuttingWorkshop=3;WeavingWorkshop=3","Agriculture;AnimalHusbandry;Calendar;ClayExtraction;ControlledFire;FishingTechniques;ForagingGroups;HerbalKnowledge;Mathematics;Mining;Mining_Copper;NeolithicSettlement;Pottery;Quarry;StoneCutting;StoneTools;TextileCraft;TreeCultivate;Woodworking"
318,Neolithic,"Clay=68214.72;Cloth=3060;CopperOre=29745;PlantFiber=60279.72;Pottery=13545;StoneBrick=40995;StoneChunk=1966.25;WoodLog=224905.17","ClayPit=3;CopperMine=3;FiberGatheringCamp=3;Lumberyard=3;PotteryKiln=3;Quarry=3;StoneCuttingWorkshop=3;WeavingWorkshop=3","Agriculture;AnimalHusbandry;Calendar;ClayExtraction;ControlledFire;FishingTechniques;ForagingGroups;HerbalKnowledge;Mathematics;Mining;Mining_Copper;NeolithicSettlement;Pottery;Quarry;StoneCutting;StoneTools;TextileCraft;TreeCultivate;Woodworking"
319,Neolithic,"Clay=68304.72;Cloth=3240;CopperOre=29925;PlantFiber=60369.72;Pottery=13725;StoneBrick=41175;StoneChunk=1966.25;WoodLog=225829.17","ClayPit=3;CopperMine=3;FiberGatheringCamp=3;Lumberyard=3;PotteryKiln=3;Quarry=3;StoneCuttingWorkshop=3;WeavingWorkshop=3","Agriculture;AnimalHusbandry;Calendar;ClayExtraction;ControlledFire;FishingTechniques;ForagingGroups;HerbalKnowledge;Mathematics;Mining;Mining_Copper;NeolithicSettlement;Pottery;Quarry;StoneCutting;StoneTools;TextileCraft;TreeCultivate;Woodworking"
320,Neolithic,"Clay=68394.72;Cloth=3420;CopperOre=30105;PlantFiber=60459.72;Pottery=13905;StoneBrick=41355;StoneChunk=1966.25;WoodLog=226753.17","ClayPit=3;CopperMine=3;FiberGatheringCamp=3;Lumberyard=3;PotteryKiln=3;Quarry=3;StoneCuttingWorkshop=3;WeavingWorkshop=3","Agriculture;AnimalHusbandry;Calendar;ClayExtraction;ControlledFire;FishingTechniques;ForagingGroups;HerbalKnowledge;Mathematics;Mining;Mining_Copper;NeolithicSettlement;Pottery;Quarry;StoneCutting;StoneTools;TextileCraft;TreeCultivate;Woodworking"
321,Neolithic,"Clay=68484.72;Cloth=3600;CopperOre=30285;PlantFiber=60549.72;Pottery=14085;StoneBrick=41535;StoneChunk=1966.25;WoodLog=227677.17","ClayPit=3;CopperMine=3;FiberGatheringCamp=3;Lumberyard=3;PotteryKiln=3;Quarry=3;StoneCuttingWorkshop=3;WeavingWorkshop=3","Agriculture;AnimalHusbandry;Calendar;ClayExtraction;ControlledFire;FishingTechniques;ForagingGroups;HerbalKnowledge;Mathematics;Mining;Mining_Copper;NeolithicSettlement;Pottery;Quarry;StoneCutting;StoneTools;TextileCraft;TreeCultivate;Woodworking"
