Minute,TechLevel,ResearchPower,Population,PopulationGrowthMultiplier,PopulationGrowthPerSecond,PowerProductionPerSecond,PowerConsumptionPerSecond,LogisticsProductionPerSecond,LogisticsConsumptionPerSecond,TotalProductivity,UsedProductivity,AvailableProductivity,ProductivityUtilization,TerritoryUsed,TerritoryTotal,ActiveResearch,Resources,Buildings,ResearchCompleted,WorkshopPurchased
0,Animal,4,0,1,0,0,0,0,0,0,0,0,0,0,500,"Agriculture","WoodLog=1","","",""
10,Animal,4,5,1.2,0,0,0,0,0,10,3,7,0.3,7,500,"ClayExtraction","WoodLog=423","Farm=1;WoodHouse=1","Agriculture;ControlledFire",""
20,Animal,4,5,1.2,0,0,0,0,0,10,10,0,1,14,500,"StoneTools","Biomass=209.77;Clay=818.08;WoodLog=643","ClayPit=1;Farm=1;FiberGatheringCamp=1;WoodHouse=1","Agriculture;ClayExtraction;ControlledFire;Quarry",""
30,Animal,4,10,1.2,0,0,0,0,0,20,16,4,0.8,23,500,"Mining","Biomass=1214.87;Clay=2024.21;StoneChunk=380.93;WoodLog=818.6","ClayPit=1;Farm=1;FiberGatheringCamp=1;Quarry=1;WoodHouse=2","Agriculture;ClayExtraction;ControlledFire;Quarry;StoneTools",""
40,Animal,4,15,1.2,0,0,0,0,0,30,19,11,0.633,30,500,"Woodworking","Biomass=2227.38;Clay=3239.22;StoneChunk=2505.95;WoodLog=1174.23","ClayPit=1;Farm=2;FiberGatheringCamp=1;Quarry=1;WoodHouse=3","Agriculture;ClayExtraction;ControlledFire;Mining;Quarry;StoneTools",""
50,Animal,4.6,15,1.2,0,0,0,0,0,33,32,1,0.97,47,500,"","Biomass=3121.03;Clay=4391.61;StoneBrick=815.65;StoneChunk=3285.12;WoodLog=3526.58","ClayPit=1;Farm=2;FiberGatheringCamp=1;Lumberyard=2;Quarry=1;StoneCuttingWorkshop=1;WoodHouse=3","Agriculture;ClayExtraction;ControlledFire;HerbalKnowledge;KnowledgeSharing;Mining;Quarry;StoneTools;Woodworking",""
60,Animal,4.6,19,1.2,1.245,0,0,0,0,44.84,35,9.84,0.781,53,500,"NeolithicSettlement","Biomass=4632.85;Clay=5501.2;StoneBrick=1686.55;StoneChunk=4085.5;WoodLog=11328.6","ClayPit=1;Farm=2;FiberGatheringCamp=2;Lumberyard=2;Quarry=1;StoneCuttingWorkshop=1;WoodHouse=4","Agriculture;AnimalHusbandry;ClayExtraction;ControlledFire;HerbalKnowledge;KnowledgeSharing;Mining;Quarry;StoneTools;Woodworking",""
70,Neolithic,5.75,20,1.45,0,0,0,0,0,147.2,43,104.2,0.292,61,800,"CeramicFiring","Biomass=6586.29;Clay=6673.26;StoneBrick=2530.44;StoneChunk=6407.7;WoodLog=19184.62","ClayPit=1;Farm=2;FiberGatheringCamp=2;KnowledgeCircle=1;Lumberyard=2;Quarry=2;StoneCuttingWorkshop=1;WoodHouse=4","Agriculture;AnimalHusbandry;ClayExtraction;ControlledFire;HerbalKnowledge;KnowledgeSharing;Mining;NeolithicSettlement;Quarry;StoneTools;Woodworking",""
80,Neolithic,6.9,20,1.45,0,0,0,0,0,147.2,55,92.2,0.374,71,800,"CeramicFiring","Biomass=8539.15;Clay=7844.98;CopperOre=282.97;IronOre=226.38;StoneBrick=3374.07;StoneChunk=9213.01;TinOre=226.38;WoodLog=26976.47","ClayPit=1;Farm=2;FiberGatheringCamp=2;KnowledgeCircle=2;Lumberyard=2;MetalMine=1;Quarry=2;StoneCuttingWorkshop=1;WoodHouse=4","Agriculture;AnimalHusbandry;ClayExtraction;ControlledFire;HerbalKnowledge;KnowledgeSharing;Mining;NeolithicSettlement;Quarry;StoneTools;Woodworking",""
90,Neolithic,6.9,20,1.45,0,0,0,0,0,147.2,78,69.2,0.53,91,800,"","Biomass=10393.93;Clay=8781.69;Coal=986.45;CopperOre=1455.27;IronOre=1164.22;StoneBrick=4077.71;StoneChunk=11923.23;TinOre=1164.22;WoodLog=34673.97","ClayPit=1;CoalMine=1;Farm=2;FiberGatheringCamp=2;KnowledgeCircle=2;Lumberyard=2;MetalMine=2;Quarry=2;StoneCuttingWorkshop=1;WeavingWorkshop=1;WoodHouse=4","Agriculture;AnimalHusbandry;CeramicFiring;ClayExtraction;ControlledFire;HerbalKnowledge;KnowledgeSharing;Mining;NeolithicSettlement;Quarry;StoneTools;TextileCraft;Woodworking",""
100,Neolithic,6.9,20,1.45,0,0,0,0,0,147.2,87,60.2,0.591,99,800,"CharcoalMaking","Biomass=11746.79;Ceramic=393.83;Clay=9572.5;Cloth=813.69;Coal=2199.18;CopperOre=3072.24;IronOre=2457.79;StoneBrick=4921.34;StoneChunk=14889.33;TinOre=2457.79;WoodLog=42308.16","CeramicKiln=1;ClayPit=2;CoalMine=1;Farm=2;FiberGatheringCamp=2;KnowledgeCircle=2;Lumberyard=2;MetalMine=2;Quarry=2;StoneCuttingWorkshop=1;WeavingWorkshop=1;WoodHouse=4","Agriculture;AnimalHusbandry;CeramicFiring;ClayExtraction;ControlledFire;HerbalKnowledge;KnowledgeSharing;Mining;NeolithicSettlement;Quarry;StoneTools;TextileCraft;Woodworking",""
110,Neolithic,6.9,20,1.45,0,0,0,0,0,147.2,100,47.2,0.679,111,800,"Mathematics","Biomass=13099.65;Ceramic=1109.88;Clay=11171.7;Cloth=1627.38;Coal=4325.16;CopperOre=4689.21;IronOre=3751.37;StoneBrick=5688.05;StoneChunk=17696.82;TinOre=3751.37;WoodLog=49579.39","CeramicKiln=1;CharcoalKiln=1;ClayPit=2;CoalMine=2;Farm=2;FiberGatheringCamp=2;KnowledgeCircle=2;Lumberyard=2;MetalMine=2;Quarry=2;StoneCuttingWorkshop=1;WeavingWorkshop=1;WoodHouse=4","Agriculture;AnimalHusbandry;CeramicFiring;CharcoalMaking;ClayExtraction;ControlledFire;HerbalKnowledge;KnowledgeSharing;Mining;NeolithicSettlement;Quarry;StoneTools;TextileCraft;Woodworking",""
120,Neolithic,8.925,20,1.45,0,0,0,0,0,147.2,110,37.2,0.747,119,800,"WrittenRecords","Biomass=13961.6;Ceramic=2035.7;Clay=12613.2;Cloth=3056.73;Coal=7398.74;CopperOre=6318.48;IronOre=5054.78;StoneBrick=6503.11;StoneChunk=20631.62;TinOre=5054.78;WoodLog=55957.93","CeramicKiln=2;CharcoalKiln=1;ClayPit=2;CoalMine=2;Farm=2;FiberGatheringCamp=2;KnowledgeCircle=2;Lumberyard=2;MetalMine=2;Quarry=2;StoneCuttingWorkshop=1;WeavingWorkshop=2;WoodHouse=4","Agriculture;AnimalHusbandry;Calendar;CeramicFiring;CharcoalMaking;ClayExtraction;ControlledFire;HerbalKnowledge;KnowledgeSharing;Mathematics;Mining;NeolithicSettlement;Quarry;StoneTools;TextileCraft;Woodworking",""
130,Neolithic,8.925,25,1.45,0,0,0,0,0,159,115,44,0.723,127,800,"FoodPreservation","Biomass=14727.92;Ceramic=3477.67;Clay=13652.79;Cloth=4695.33;Coal=10470.14;CopperOre=7946.59;IronOre=6357.28;StoneBrick=8073.4;StoneChunk=22495.86;TinOre=6357.28;WoodLog=62275.79","CeramicKiln=2;CharcoalKiln=1;ClayPit=2;CoalMine=2;Farm=2;FiberGatheringCamp=2;KnowledgeCircle=2;Lumberyard=2;MetalMine=2;Quarry=2;StoneCuttingWorkshop=2;WeavingWorkshop=2;WoodHouse=5","Agriculture;AnimalHusbandry;Calendar;CeramicFiring;CharcoalMaking;ClayExtraction;ControlledFire;HerbalKnowledge;KnowledgeSharing;Mathematics;Mining;NeolithicSettlement;Quarry;StoneTools;TextileCraft;Woodworking;WrittenRecords",""
140,Neolithic,23.205,25,1.45,0,0,0,0,0,169,123,46,0.728,135,800,"","Biomass=15457.69;Ceramic=4850.53;Clay=14649.67;Cloth=6261.16;Coal=13484.44;CopperOre=9544.44;IronOre=7635.56;StoneBrick=9529.18;StoneChunk=24074.25;TinOre=7635.56;WoodLog=68104.78","CeramicKiln=2;CharcoalKiln=1;ClayPit=2;CoalMine=2;Farm=2;FiberGatheringCamp=2;KnowledgeCircle=0;Lumberyard=2;MetalMine=2;Quarry=2;ScribeHut=2;Smokehouse=1;StoneCuttingWorkshop=2;WeavingWorkshop=2;WoodHouse=5","Agriculture;AnimalHusbandry;Calendar;CeramicFiring;CharcoalMaking;ClayExtraction;ControlledFire;FoodPreservation;HerbalKnowledge;KnowledgeSharing;Mathematics;Mining;NaturalPhilosophy;NeolithicSettlement;Quarry;StoneTools;TextileCraft;VillageOrganization;Woodworking;WrittenRecords",""
150,Neolithic,23.205,29,1.45,1.506,0,0,0,0,178.44,125,53.44,0.701,140,800,"","Biomass=16252.48;Ceramic=6313.37;Clay=15729.66;Cloth=7923.48;Coal=16600.29;CopperOre=11196.13;IronOre=8956.9;StoneBrick=11252.68;StoneChunk=25664.79;TinOre=8956.9;WoodLog=74357.98","CeramicKiln=2;CharcoalKiln=1;ClayPit=2;CoalMine=2;Farm=2;FiberGatheringCamp=2;KnowledgeCircle=0;Lumberyard=2;MetalMine=2;Quarry=2;ScribeHut=2;Smokehouse=2;StoneCuttingWorkshop=2;WeavingWorkshop=2;WoodHouse=6","Agriculture;AnimalHusbandry;Calendar;CeramicFiring;CharcoalMaking;ClayExtraction;ControlledFire;FoodPreservation;HerbalKnowledge;KnowledgeSharing;Mathematics;Measurement;Mining;NaturalPhilosophy;NeolithicSettlement;OrganizedDefense;Quarry;StoneTools;TextileCraft;VillageOrganization;Woodworking;WrittenRecords",""
160,Neolithic,23.205,41,1.45,1.407,0,0,0,0,206.76,125,81.76,0.605,143,800,"IrrigationEngineering","Biomass=16992.12;Ceramic=7665.09;Clay=16389.97;Cloth=9539.08;Coal=19628.56;CopperOre=12801.38;IronOre=10241.1;StoneBrick=12315.58;StoneChunk=27136.56;TinOre=10241.1;WoodLog=80327.37","CeramicKiln=2;CharcoalKiln=1;ClayPit=2;CoalMine=2;Farm=2;FiberGatheringCamp=2;KnowledgeCircle=0;Lumberyard=2;MetalMine=2;Quarry=2;ScribeHut=2;Smokehouse=2;StoneCuttingWorkshop=2;StoneHouse=1;WeavingWorkshop=2;WoodHouse=6","Agriculture;AnimalHusbandry;Calendar;CeramicFiring;CharcoalMaking;ClayExtraction;ControlledFire;FoodPreservation;HerbalKnowledge;KnowledgeSharing;Masonry;Mathematics;Measurement;Mining;NaturalPhilosophy;NeolithicSettlement;OrganizedDefense;Quarry;StoneTools;TextileCraft;VillageOrganization;Woodworking;WrittenRecords",""
170,Neolithic,23.205,49,1.45,0,0,0,0,0,225.64,130,95.64,0.576,145,800,"Smithing_Copper","Biomass=17684.25;Ceramic=9012.1;Clay=17237.28;Cloth=11112.48;Coal=22269.75;CopperOre=14196.72;IronOre=11491.77;StoneBrick=13474.8;StoneChunk=28772.57;TinOre=11337.77;WoodLog=86538.62","CeramicKiln=2;CharcoalKiln=1;ClayPit=2;CoalMine=2;Farm=1;FiberGatheringCamp=2;IrrigationWorks=1;KnowledgeCircle=0;Lumberyard=2;MetalMine=2;Quarry=2;ScribeHut=2;Smokehouse=2;StoneCuttingWorkshop=2;StoneHouse=2;WeavingWorkshop=2;WoodHouse=5","Agriculture;AnimalHusbandry;Calendar;CeramicFiring;CharcoalMaking;ClayExtraction;ControlledFire;FoodPreservation;HerbalKnowledge;IrrigationEngineering;KnowledgeSharing;Masonry;Mathematics;Measurement;Mining;NaturalPhilosophy;NeolithicSettlement;OrganizedDefense;Quarry;StoneTools;TextileCraft;VillageOrganization;Woodworking;WrittenRecords",""
180,Neolithic,23.205,56,1.45,0,0,0,0,0,242.16,135,107.16,0.557,149,800,"","Biomass=18452.46;Ceramic=10389.36;Clay=18137.94;Cloth=12752.66;Coal=25344.1;CopperOre=15826.4;IronOre=12795.52;StoneBrick=14713.56;StoneChunk=30371.43;TinOre=12641.52;WoodLog=92693.61","CeramicKiln=2;CharcoalKiln=1;ClayPit=2;CoalMine=2;Farm=0;FiberGatheringCamp=2;Granary=1;IrrigationWorks=2;KnowledgeCircle=0;Lumberyard=2;MetalMine=2;Quarry=2;ScribeHut=2;Smokehouse=1;StoneCuttingWorkshop=2;StoneHouse=3;WeavingWorkshop=2;WoodHouse=4","Agriculture;AnimalHusbandry;Calendar;CeramicFiring;CharcoalMaking;ClayExtraction;ControlledFire;FoodPreservation;FoodStorage;HerbalKnowledge;IrrigationEngineering;KnowledgeSharing;Masonry;Mathematics;Measurement;Mining;NaturalPhilosophy;NeolithicSettlement;OrganizedDefense;Quarry;Smithing_Copper;StoneTools;TextileCraft;VillageOrganization;Woodworking;WrittenRecords",""
190,Neolithic,23.205,61,1.45,2.904,0,0,0,0,253.96,135,118.96,0.532,151,800,"CropRotation","Biomass=19195.2;Ceramic=11588.38;Clay=18973.98;Cloth=14251.61;Coal=28378.66;CopperOre=17434.98;IronOre=14082.39;StoneBrick=16116.08;StoneChunk=32115.93;TinOre=13928.39;WoodLog=99253.66","CeramicKiln=2;CharcoalKiln=1;ClayPit=2;CoalMine=2;Farm=0;FiberGatheringCamp=2;Granary=2;IrrigationWorks=2;KnowledgeCircle=0;Lumberyard=2;MetalMine=2;Quarry=2;ScribeHut=2;Smokehouse=0;StoneCuttingWorkshop=2;StoneHouse=4;WeavingWorkshop=2;WoodHouse=3","Agriculture;AnimalHusbandry;Calendar;CeramicFiring;CharcoalMaking;ClayExtraction;ControlledFire;FoodPreservation;FoodStorage;HerbalKnowledge;IrrigationEngineering;KnowledgeSharing;Masonry;Mathematics;Measurement;Mining;NaturalPhilosophy;NeolithicSettlement;OrganizedDefense;Quarry;Smithing_Copper;StoneTools;TextileCraft;VillageOrganization;Woodworking;WrittenRecords",""
200,Neolithic,23.205,67,1.6,13.799,0,0,0,0,268.12,135,133.12,0.504,151,800,"VillageCrafts","Biomass=19566.96;Ceramic=12856.32;Clay=19777.3;Cloth=15806.09;Coal=31292.37;CopperOre=18979.51;IronOre=15318.01;StoneBrick=17244.73;StoneChunk=33708.17;TinOre=15164.01;WoodLog=105508.39","CeramicKiln=2;CharcoalKiln=1;ClayPit=2;CoalMine=2;Farm=0;FiberGatheringCamp=2;Granary=2;IrrigationWorks=2;KnowledgeCircle=0;Lumberyard=2;MetalMine=2;Quarry=2;ScribeHut=2;Smokehouse=0;StoneCuttingWorkshop=2;StoneHouse=6;WeavingWorkshop=2;WoodHouse=1","Agriculture;AnimalFodder;AnimalHusbandry;Calendar;CeramicFiring;CharcoalMaking;ClayExtraction;ControlledFire;CropRotation;FoodPreservation;FoodStorage;HerbalKnowledge;IrrigationEngineering;KnowledgeSharing;Masonry;Mathematics;Measurement;Mining;NaturalPhilosophy;NeolithicSettlement;OrganizedDefense;Quarry;Smithing_Copper;StoneTools;TextileCraft;VillageOrganization;Woodworking;WrittenRecords",""
210,Neolithic,23.205,67,1.6,21.503,0,0,0,0,268.12,145,123.12,0.541,159,800,"VillageCrafts","Biomass=20215.16;Bronze=132.3;Ceramic=14203.85;Clay=20638.74;Cloth=17337.37;Coal=33895.01;Copper=176.4;CopperOre=20322.6;Iron=176.4;IronOre=16356.8;StoneBrick=18466.71;StoneChunk=35249.57;Tin=176.4;TinOre=16202.8;WoodLog=111583.68","CeramicKiln=2;CharcoalKiln=1;ClayPit=2;CoalMine=2;Farm=0;FiberGatheringCamp=2;Granary=2;IrrigationWorks=2;KnowledgeCircle=0;Lumberyard=2;MetalMine=2;MetalSmelter=1;Quarry=2;ScribeHut=2;Smokehouse=0;StoneCuttingWorkshop=2;StoneHouse=7;WeavingWorkshop=2;WoodHouse=0","Agriculture;AnimalFodder;AnimalHusbandry;Calendar;CeramicFiring;CharcoalMaking;ClayExtraction;ControlledFire;CropRotation;FoodPreservation;FoodStorage;HerbalKnowledge;IrrigationEngineering;KnowledgeSharing;Masonry;Mathematics;Measurement;Mining;NaturalPhilosophy;NeolithicSettlement;OrganizedDefense;Quarry;Smithing_Copper;StoneTools;TextileCraft;VillageOrganization;Woodworking;WrittenRecords",""
220,Neolithic,23.205,67,1.6,32.096,0,0,0,0,268.12,155,113.12,0.578,170,800,"CouncilGovernance","Biomass=20871.38;Bronze=952.03;Ceramic=15357.27;Clay=21482.05;Cloth=18725.35;Coal=35127.57;Copper=1069.37;CopperOre=20750.58;Iron=1269.37;IronOre=16479.16;StoneBrick=19030.37;StoneChunk=36808.09;Tin=1269.37;TinOre=16325.16;WoodLog=117361.06","CeramicKiln=2;CharcoalKiln=1;ClayPit=2;CoalMine=2;Farm=0;FiberGatheringCamp=2;Granary=2;IrrigationWorks=2;KnowledgeCircle=0;Lumberyard=2;MetalMine=2;MetalSmelter=2;Quarry=2;ScribeHut=2;Smokehouse=0;StoneCuttingWorkshop=2;StoneHouse=8;WeavingWorkshop=2;WoodHouse=0","Agriculture;AnimalFodder;AnimalHusbandry;Calendar;CeramicFiring;CharcoalMaking;ClayExtraction;ControlledFire;CropRotation;FoodPreservation;FoodStorage;HerbalKnowledge;IrrigationEngineering;KnowledgeSharing;Masonry;Mathematics;Measurement;Mining;NaturalPhilosophy;NeolithicSettlement;OrganizedDefense;Quarry;Smithing_Copper;StoneTools;TextileCraft;VillageCrafts;VillageOrganization;Woodworking;WrittenRecords",""
230,Neolithic,23.985,67,1.6,52.319,0,0,0,0,268.12,155,113.12,0.578,179,800,"Smithing_Bronze","Biomass=21608.78;Bronze=1876.86;Ceramic=16770.22;Clay=21837.48;Cloth=20330.97;Coal=36143.13;Copper=2176.49;CopperOre=21156.58;Iron=2502.49;IronOre=16566.08;StoneBrick=19160.43;StoneChunk=38539.78;Tin=2376.49;TinOre=16412.08;WoodLog=123169.21","CeramicKiln=2;CharcoalKiln=1;ClayPit=2;CoalMine=2;Farm=0;FiberGatheringCamp=2;Granary=2;IrrigationWorks=2;KnowledgeCircle=0;Lumberyard=2;MetalMine=2;MetalSmelter=2;Quarry=2;ScribeHut=2;Smokehouse=0;StoneCuttingWorkshop=2;StoneHouse=11;WeavingWorkshop=2;WoodHouse=0","Agriculture;AnimalFodder;AnimalHusbandry;Calendar;CeramicFiring;CharcoalMaking;ClayExtraction;ControlledFire;CouncilGovernance;CropRotation;FoodPreservation;FoodStorage;HerbalKnowledge;IrrigationEngineering;KnowledgeSharing;Masonry;Mathematics;Measurement;Mining;NaturalPhilosophy;NeolithicSettlement;OrganizedDefense;Quarry;Smithing_Copper;StoneTools;TextileCraft;VillageCrafts;VillageOrganization;Woodworking;WrittenRecords",""
240,Neolithic,23.985,67,1.6,56.813,0,0,0,0,268.12,160,108.12,0.597,186,800,"Smithing_Bronze","Biomass=22346.17;Bronze=2801.7;Ceramic=18183.16;Clay=22483.02;Cloth=21936.59;Coal=37461.16;Copper=3409.6;CopperOre=21562.58;Iron=3735.6;IronOre=16653.01;StoneBrick=20053.04;StoneChunk=40271.48;Tin=3609.6;TinOre=16499.01;WoodLog=129119.05","CeramicKiln=2;CharcoalKiln=2;ClayPit=2;CoalMine=2;Farm=0;FiberGatheringCamp=2;Granary=2;IrrigationWorks=2;KnowledgeCircle=0;Lumberyard=2;MetalMine=2;MetalSmelter=2;Quarry=2;ScribeHut=2;Smokehouse=0;StoneCuttingWorkshop=2;StoneHouse=12;WeavingWorkshop=2;WoodHouse=0","Agriculture;AnimalFodder;AnimalHusbandry;Calendar;CeramicFiring;CharcoalMaking;ClayExtraction;ControlledFire;CouncilGovernance;CropRotation;FoodPreservation;FoodStorage;HerbalKnowledge;IrrigationEngineering;KnowledgeSharing;Masonry;Mathematics;Measurement;Mining;NaturalPhilosophy;NeolithicSettlement;OrganizedDefense;Quarry;Smithing_Copper;StoneTools;TextileCraft;VillageCrafts;VillageOrganization;Woodworking;WrittenRecords",""
250,Neolithic,23.985,67,1.6,56.813,0,0,0,0,268.12,160,108.12,0.597,186,800,"OrganizedWatch","Biomass=23083.57;Bronze=3546.1;Ceramic=19596.11;Clay=23605.77;Cloth=23542.22;Coal=39303.27;Copper=4735.46;CopperOre=21968.57;Iron=5061.46;IronOre=16739.94;StoneBrick=21417.74;StoneChunk=42003.17;Tin=4935.46;TinOre=16585.94;WoodLog=134288.34","CeramicKiln=2;CharcoalKiln=2;ClayPit=2;CoalMine=2;Farm=0;FiberGatheringCamp=2;Granary=2;IrrigationWorks=2;KnowledgeCircle=0;Lumberyard=2;MetalMine=2;MetalSmelter=2;Quarry=2;ScribeHut=2;Smokehouse=0;StoneCuttingWorkshop=2;StoneHouse=12;WeavingWorkshop=2;WoodHouse=0","Agriculture;AnimalFodder;AnimalHusbandry;Calendar;CeramicFiring;CharcoalMaking;ClayExtraction;ControlledFire;CouncilGovernance;CropRotation;FoodPreservation;FoodStorage;HerbalKnowledge;IrrigationEngineering;KnowledgeSharing;Masonry;Mathematics;Measurement;Mining;NaturalPhilosophy;NeolithicSettlement;OrganizedDefense;Quarry;Smithing_Bronze;Smithing_Copper;StoneTools;TextileCraft;VillageCrafts;VillageOrganization;Woodworking;WrittenRecords",""
260,Neolithic,23.985,67,1.6,56.813,0,0,0,0,268.12,160,108.12,0.597,186,800,"Smithing_Iron","Biomass=23850.11;Bronze=4602.27;Ceramic=21030.42;Clay=24763.48;Cloth=25172.12;Coal=40780.22;Copper=6143.7;CopperOre=22398.69;Iron=6469.7;IronOre=16546.17;StoneBrick=23107.63;StoneChunk=43797.02;Tin=6343.7;TinOre=16692.17;WoodLog=139769.33","CeramicKiln=2;CharcoalKiln=2;ClayPit=2;CoalMine=2;Farm=0;FiberGatheringCamp=2;Granary=2;IrrigationWorks=2;KnowledgeCircle=0;Lumberyard=2;MetalMine=2;MetalSmelter=2;Quarry=2;ScribeHut=2;Smokehouse=0;StoneCuttingWorkshop=2;StoneHouse=12;WeavingWorkshop=2;WoodHouse=0","Agriculture;AnimalFodder;AnimalHusbandry;Calendar;CeramicFiring;CharcoalMaking;ClayExtraction;ControlledFire;CouncilGovernance;CropRotation;FoodPreservation;FoodStorage;HerbalKnowledge;IrrigationEngineering;KnowledgeSharing;Masonry;Mathematics;Measurement;Mining;NaturalPhilosophy;NeolithicSettlement;OrganizedDefense;OrganizedWatch;Quarry;Smithing_Bronze;Smithing_Copper;StoneTools;TextileCraft;VillageCrafts;VillageOrganization;Woodworking;WrittenRecords",""
270,Neolithic,23.985,67,1.6,56.813,0,0,0,0,268.12,160,108.12,0.597,186,800,"FeudalAdministration","Biomass=24664.22;Bronze=5684.14;Ceramic=22499.63;Clay=25978.28;Cloth=26741.67;Coal=42766.71;Copper=7586.19;CopperOre=22868.21;Iron=7912.19;IronOre=16683.91;StoneBrick=24588.62;StoneChunk=45692.37;Tin=7786.19;TinOre=16829.91;WoodLog=145432.69","CeramicKiln=2;CharcoalKiln=2;ClayPit=2;CoalMine=2;Farm=0;FiberGatheringCamp=2;Granary=2;IrrigationWorks=2;KnowledgeCircle=0;Lumberyard=2;MetalMine=2;MetalSmelter=2;Quarry=2;ScribeHut=2;Smokehouse=0;StoneCuttingWorkshop=2;StoneHouse=12;WeavingWorkshop=2;WoodHouse=0","Agriculture;AnimalFodder;AnimalHusbandry;Calendar;CeramicFiring;CharcoalMaking;ClayExtraction;ControlledFire;CouncilGovernance;CropRotation;FoodPreservation;FoodStorage;HerbalKnowledge;IrrigationEngineering;KnowledgeSharing;Masonry;Mathematics;Measurement;Mining;NaturalPhilosophy;NeolithicSettlement;OrganizedDefense;OrganizedWatch;Quarry;Smithing_Bronze;Smithing_Copper;Smithing_Iron;StoneTools;TextileCraft;VillageCrafts;VillageOrganization;Woodworking;WrittenRecords",""
280,Neolithic,23.985,67,1.6,56.813,0,0,0,0,268.12,160,108.12,0.597,186,800,"FeudalAdministration","Biomass=25544.33;Bronze=6801.65;Ceramic=24017.24;Clay=27272.3;Cloth=28466.22;Coal=44877.42;Copper=9076.2;CopperOre=23392.38;Iron=9402.2;IronOre=16865.37;StoneBrick=26376.64;StoneChunk=47728.54;Tin=9276.2;TinOre=17011.37;WoodLog=151349.08","CeramicKiln=2;CharcoalKiln=2;ClayPit=2;CoalMine=2;Farm=0;FiberGatheringCamp=2;Granary=2;IrrigationWorks=2;KnowledgeCircle=0;Lumberyard=2;MetalMine=2;MetalSmelter=2;Quarry=2;ScribeHut=2;Smokehouse=0;StoneCuttingWorkshop=2;StoneHouse=12;WeavingWorkshop=2;WoodHouse=0","Agriculture;AnimalFodder;AnimalHusbandry;Calendar;CeramicFiring;CharcoalMaking;ClayExtraction;ControlledFire;CouncilGovernance;CropRotation;FoodPreservation;FoodStorage;HerbalKnowledge;IrrigationEngineering;KnowledgeSharing;Masonry;Mathematics;Measurement;Mining;NaturalPhilosophy;NeolithicSettlement;OrganizedDefense;OrganizedWatch;Quarry;Smithing_Bronze;Smithing_Copper;Smithing_Iron;StoneTools;TextileCraft;VillageCrafts;VillageOrganization;Woodworking;WrittenRecords",""
290,Neolithic,23.985,67,1.6,56.813,0,0,0,0,268.12,160,108.12,0.597,186,800,"FeudalAdministration","Biomass=26424.45;Bronze=7919.17;Ceramic=25534.85;Clay=28566.31;Cloth=30190.78;Coal=46988.14;Copper=10566.22;CopperOre=23916.55;Iron=10892.22;IronOre=17046.84;StoneBrick=28164.66;StoneChunk=49764.7;Tin=10766.22;TinOre=17192.84;WoodLog=157265.47","CeramicKiln=2;CharcoalKiln=2;ClayPit=2;CoalMine=2;Farm=0;FiberGatheringCamp=2;Granary=2;IrrigationWorks=2;KnowledgeCircle=0;Lumberyard=2;MetalMine=2;MetalSmelter=2;Quarry=2;ScribeHut=2;Smokehouse=0;StoneCuttingWorkshop=2;StoneHouse=12;WeavingWorkshop=2;WoodHouse=0","Agriculture;AnimalFodder;AnimalHusbandry;Calendar;CeramicFiring;CharcoalMaking;ClayExtraction;ControlledFire;CouncilGovernance;CropRotation;FoodPreservation;FoodStorage;HerbalKnowledge;IrrigationEngineering;KnowledgeSharing;Masonry;Mathematics;Measurement;Mining;NaturalPhilosophy;NeolithicSettlement;OrganizedDefense;OrganizedWatch;Quarry;Smithing_Bronze;Smithing_Copper;Smithing_Iron;StoneTools;TextileCraft;VillageCrafts;VillageOrganization;Woodworking;WrittenRecords",""
300,Neolithic,23.985,67,1.6,56.813,0,0,0,0,268.12,160,108.12,0.597,186,800,"FeudalAdministration","Biomass=27304.91;Bronze=9036.9;Ceramic=27052.76;Clay=29860.74;Cloth=31915.68;Coal=49099.52;Copper=12056.53;CopperOre=24440.99;Iron=12382.53;IronOre=17228.51;StoneBrick=29953.03;StoneChunk=51801.6;Tin=12256.53;TinOre=17374.51;WoodLog=163183.28","CeramicKiln=2;CharcoalKiln=2;ClayPit=2;CoalMine=2;Farm=0;FiberGatheringCamp=2;Granary=2;IrrigationWorks=2;KnowledgeCircle=0;Lumberyard=2;MetalMine=2;MetalSmelter=2;Quarry=2;ScribeHut=2;Smokehouse=0;StoneCuttingWorkshop=2;StoneHouse=12;WeavingWorkshop=2;WoodHouse=0","Agriculture;AnimalFodder;AnimalHusbandry;Calendar;CeramicFiring;CharcoalMaking;ClayExtraction;ControlledFire;CouncilGovernance;CropRotation;FoodPreservation;FoodStorage;HerbalKnowledge;IrrigationEngineering;KnowledgeSharing;Masonry;Mathematics;Measurement;Mining;NaturalPhilosophy;NeolithicSettlement;OrganizedDefense;OrganizedWatch;Quarry;Smithing_Bronze;Smithing_Copper;Smithing_Iron;StoneTools;TextileCraft;VillageCrafts;VillageOrganization;Woodworking;WrittenRecords",""
43200,Spacer,2094.175,2120,2.65,0,1824.919,2154,2103.353,705,8757.2,8225,532.2,0.939,2724,2725,"PhaseMaterialEngineering","Aluminum=11870863.4;BauxiteOre=138937361.68;Biomass=8913242478.39;Bronze=220032617.62;Ceramic=132888581.73;Chemical=2688420.09;Clay=332534446.75;Cloth=20071050.96;Coal=104294408;Coke=193549775.79;Composite=8687417.6;Concrete=9919442.33;Copper=262160194.31;CopperOre=272890762.21;CopperWire=17947048.49;CrudeOil=34838334.26;Electronics=4678992.39;Engine=3463768.98;Explosives=1910354.65;Glass=7885989.23;Iron=164059590.59;IronOre=184352477.31;Lubricant=3800587.63;Machinery=16441163.45;NickelConcentrate=86786266.81;RefinedFuel=15085971.94;RocketFuel=4270757.05;Rubber=3391294.1;Steel=309379300.38;StoneBrick=4006774.41;StoneChunk=27266628.7;Tin=213794959.42;TinOre=180212139.61;TitaniumAlloy=2210411.4;TitaniumConcentrate=129812016.66;WoodLog=25722.16","Academy=0;AdvancedCeramicsPlant=8;AluminumSmelter=2;Caravanserai=1;CentralPowerStation=2;CeramicKiln=2;CharcoalKiln=1;ChemicalPlant=2;ClayPit=2;CoalMine=2;CokeOven=2;ConcreteWorks=1;Farm=2;FiberGatheringCamp=2;Glassworks=1;Granary=2;IndustrialCarbonizationRetort=14;IndustrialClayProcessingWorks=5;IndustrialMetalSmelter=12;IrrigationWorks=35;KnowledgeCircle=0;Library=0;Lumberyard=2;MachineFactory=2;MechanizedCoalMine=2;MetalMine=1;MetalSmelter=2;OilDerrick=2;OilRefinery=2;PlantingField=41;Quarry=2;RailHub=4;RareMetalMine=10;ScribeHut=0;Smokehouse=0;SteamPlant=0;SteelForge=0;StoneCuttingWorkshop=2;StoneHouse=45;TitaniumMetallurgicalComplex=1;TownHouse=39;University=2;WeavingWorkshop=2;WireMill=2;WoodHouse=4","AdvancedCeramicEngineering;Agriculture;AluminumMetallurgy;AnimalFodder;AnimalHusbandry;AutonomousOrbitalMining;Bookmaking;Calendar;CeramicFiring;CharcoalMaking;ChlorideTitaniumMetallurgy;ClayExtraction;Coking;CombustionEngines;ConcreteEngineering;ControlledFire;CouncilGovernance;CropRotation;DeepOilDrilling;DeepSpaceFleet;DeepSpaceShipbuilding;ElectricalCommunication;ElectricalEngineering;FactoryOrganization;FeudalAdministration;FirstContact;FoodPreservation;FoodStorage;Fortification;GuildSystem;Gunpowder;HerbalKnowledge;IndustrialAgriculture;IndustrialChemistry;IndustrialExplosives;IndustrialHabitationEngineering;Industrialization;IndustrialMetalSmelting;IndustrialWorkshop;InterstellarNavigation;IrrigationEngineering;KnowledgeSharing;LogisticsManagement;Masonry;MassProduction;Mathematics;Measurement;MechanicalEngineering;MechanizedForestry;MilitaryIndustry;Mining;ModernMedicine;ModernUniversity;NaturalPhilosophy;NeolithicSettlement;NickelHydrometallurgy;OrbitalCarbonizationProcessEngineering;OrbitalEngineering;OrbitalHabitation;OrganizedDefense;OrganizedWatch;PetroleumExtraction;PhantomMaterials;PowerGridEngineering;PrecisionManufacturing;PublicHealth;Quarry;RailwayEngineering;RareMetalResourceDevelopment;ScholasticInstitutions;ScientificInstrumentation;ScientificMethod;Smithing_Bronze;Smithing_Copper;Smithing_Iron;Standardization;StandingArmy;SteamPower;Steelmaking;StoneTools;SyntheticFertilizers;TextileCraft;TitaniumAlloyEngineering;TradeRoutes;UrbanHousing;VillageCrafts;VillageOrganization;Woodworking;WrittenRecords","AdvancedCeramicFiring;AgriculturalMachinery;AluminumBusbars;AluminumElectrolyticCells;BlockSignalling;CokeOvenOptimization;ConcreteBatching;ContinuousDistillation;ControlledBlasting;ConveyorSystems;DraftingTables;ElectricalInstrumentation;FuelInjection;HeavyMineralSeparationSystem;HighPressureTurbines;HotBlastStoves;IndustrialHousingStandards;InsulatedWindings;IntegratedFurnaces;LaboratoryGlassware;LightAlloyFrames;MechanicalLooms;MechanizedForestryEquipment;NickelLeachingElectrowinningSystem;OrbitalCarbonizationProcessControl;OrbitalThermalManagement;PoweredMining;PrecisionTooling;PressurizedReactors;ReinforcedBoilers;RotaryDrillingHeads;RotaryKilns;StandardizedFreightContainers;VacuumArcFurnace"
