Type,Object,Reason,Severity,Suggestion
"Legacy metal surplus","Bronze","Active production is 16.8/s versus 0.5/s consumption; net flow remains 16.3/s.","Info","Review durable Industrial/Spacer sinks or active building mix; do not raise Phantom material source rates."
"Legacy metal surplus","Tin","Active production is 16.8/s versus 1.5/s consumption; net flow remains 15.3/s.","Info","Review durable Industrial/Spacer sinks or active building mix; do not raise Phantom material source rates."
"Building wait exceeds ten minutes","IndustrialHabitationComplex","First-copy Concrete input takes 11.67 minutes at active production.","High","Adjust that resource cost or unlock a producer earlier."
"Building wait exceeds ten minutes","IndustrialStoneworks","First-copy StoneBrick input takes 16.67 minutes at active production.","High","Adjust that resource cost or unlock a producer earlier."
"Building wait exceeds ten minutes","LaunchCenter","First-copy Composite input takes 18.52 minutes at active production.","Info","Treat this as an intentional late-era material gate; do not raise its source rate without a progression review."
"Building wait exceeds ten minutes","OrbitalCarbonizationComplex","First-copy PhantomAlloy input takes 66.67 minutes at active production.","Info","Treat this as an intentional late-era material gate; do not raise its source rate without a progression review."
"Building wait exceeds ten minutes","OrbitalForestryHarvestingArray","First-copy PhantomWeave input takes 100 minutes at active production.","Info","Treat this as an intentional late-era material gate; do not raise its source rate without a progression review."
"Building wait exceeds ten minutes","OrbitalSolarArray","First-copy PhantomWeave input takes 100 minutes at active production.","Info","Treat this as an intentional late-era material gate; do not raise its source rate without a progression review."
"Building wait exceeds ten minutes","OrbitalStation","First-copy PhantomAlloy input takes 111.11 minutes at active production.","Info","Treat this as an intentional late-era material gate; do not raise its source rate without a progression review."
"Building wait exceeds ten minutes","PhantomMaterialsFabricator","First-copy TitaniumAlloy input takes 22.22 minutes at active production.","Info","Treat this as an intentional late-era material gate; do not raise its source rate without a progression review."
"Building wait exceeds ten minutes","PhaseMaterialSynthesisArray","First-copy PhantomWeave input takes 100 minutes at active production.","Info","Treat this as an intentional late-era material gate; do not raise its source rate without a progression review."
"Territory model boundary","Sector operations","The standalone simulator exhausted research/workshop territory before late Spacer construction; it does not execute Sector occupation or apply Sector territory rewards.","Info","Treat late construction waits as strategy evidence until Sector operations are modeled."
