"filePath","List<Range<int,int>>建议修改或重构的行数范围","修改建议"
Assets/Resources/Script/Misc/Tool.cs,"[(18,22)]","Pair.Deconstruct 在仓库内无调用；若无外部 API 兼容需求可删除。"
Assets/Resources/Script/Misc/Tool.cs,"[(153,153)]","NullOrEmpty 扩展方法无任何调用；可直接删除并统一使用 string.IsNullOrEmpty。"
Assets/Resources/Script/Misc/Tool.cs,"[(159,160)]","通用 Enum.GetDescription 重载无调用，具体枚举已有强类型重载；可删除或移出运行时程序集。"
Assets/Resources/Script/Runtime/BuildingState.cs,"[(57,63)]","Change(ref bool, bool) 没有 bool 字段调用，属于死代码，可删除。"
Assets/Resources/Script/Runtime/TerritoryState.cs,"[(77,82)]","NormalizeFiniteNonNegative 在 TerritoryState 内无调用，可删除。"
Assets/Resources/Script/Runtime/PopulationState.cs,"[(154,160)]","单参数 CurrentDepartureRatePerSecond 重载只返回 Zero 且无调用，属于遗留兼容桩，可删除。"
Assets/Resources/Script/Runtime/PopulationState.cs,"[(230,257),(314,325)]","AdvanceDeparture 及其唯一依赖 CalculateDepartureRate 均无调用；可整体删除或恢复为真实调用链。"
Assets/Resources/Script/Runtime/GameState.cs,"[(289,300)]","RefundFood 在仓库内无调用；若事务回滚不再通过该 API 完成，可删除。"
Assets/Resources/Script/Manager/GameManager.cs,"[(120,167)]","Tick 与 TickOffline 的食物、人口和日历推进逻辑高度重复；提取共享推进核心，仅保留日历秒数与模拟秒数参数差异。"
Assets/Resources/Script/Manager/GameManager.cs,"[(124,125),(186,187)]","deltaSeconds 的 NaN、Infinity、负值校验重复；提取统一的非负秒数校验函数。"
Assets/Resources/Script/Manager/ResourceManager.cs,"[(57,60)]","IsStartingResource 在仓库内无调用，可删除或改为调用方直接比较 StartingResourceId。"
Assets/Resources/Script/Manager/ResourceManager.cs,"[(75,75)]","AddResource 仅转发 EnsureResource 且无调用，可删除。"
Assets/Resources/Script/Manager/ResourceManager.cs,"[(86,105)]","TryGetStateByStableId 使用线性扫描；与 BuildingManager、ResearchManager 存在重复实现。维护稳定 ID 索引可减少重复代码和查找开销。"
Assets/Resources/Script/Manager/BuildingManager.cs,"[(318,318)]","AddBuilding 仅转发 EnsureBuilding 且无调用，可删除。"
Assets/Resources/Script/Manager/BuildingManager.cs,"[(329,347)]","与 ResourceManager、ResearchManager 重复的线性稳定 ID 查找逻辑；统一稳定 ID 索引实现。"
Assets/Resources/Script/Manager/BuildingManager.cs,"[(403,409)]","IsInBuildingChain 在仓库内无调用；若不作为外部公共 API，可删除。"
Assets/Resources/Script/Manager/BuildingManager.cs,"[(417,421)]","TryGetSectorBuilding 在仓库内无调用，且只是 as 转换包装；可删除并由调用方直接进行类型判断。"
Assets/Resources/Script/Manager/ResearchManager.cs,"[(128,147)]","与 ResourceManager、BuildingManager 重复的线性稳定 ID 查找；统一稳定 ID 索引实现。"
Assets/Resources/Script/Manager/MusicManager.cs,"[(222,232)]","QueuePlay 在仓库内无调用；若没有外部脚本调用，可删除或限制为内部加载入口。"
Assets/Resources/Script/Manager/StoryManager.cs,"[(139,145)]","FindNextLocked 在仓库内无调用；若不作为外部查询 API，可删除。"
Assets/Resources/Script/Manager/CampaignManager.cs,"[(133,134),(150,151),(175,176)]","三个推进或伤亡计算方法重复 deltaSeconds 校验；提取统一校验函数。"
Assets/Resources/Script/Manager/ResearchManager.cs,"[(478,479),(531,532),(820,821)]","Tick、TickOffline、AdvanceResearchProgress 重复 deltaSeconds 校验；集中到共享校验函数。"
Assets/Resources/Script/Manager/ResourceManager.cs,"[(377,378),(391,392),(431,432)]","AdvanceAmount、CalculateSatisfaction、Tick 重复 deltaSeconds 校验；集中到共享校验函数。"
Assets/Resources/Script/Math/ExpantaNumExtensions.cs,"[(122,140),(151,180)]","ArithmeticSeriesCost 与 MaxAffordableArithmeticSeries 在游戏代码中无外部调用，仅被彼此内部校正逻辑引用；若不保留通用经济 API，可整体移除。"
Assets/Resources/Script/Math/ExpantaNumExtensions.cs,"[(190,199)]","ExponentialCost 在仓库内无调用，可删除或移出运行时经济扩展。"
Assets/Resources/Script/Math/ExpantaNumExtensions.cs,"[(209,245),(255,266)]","Softcap、ApplySoftcaps、ReverseSoftcap 在仓库内无调用；若当前内容不使用软上限，可删除整组 API。"
Assets/Resources/Script/Math/ExpantaNumExtensions.cs,"[(276,287),(297,306)]","ScaleAfter、CompoundGrowth 在仓库内无调用，可删除或移出游戏运行时。"
Assets/Resources/Script/Math/ExpantaNumExtensions.cs,"[(317,376)]","PrestigeGain、PrestigeRequirement、PurchaseEfficiency 在仓库内无调用，且不属于当前游戏循环；可删除或拆到独立数学程序集。"
Assets/Resources/Script/Math/ExpantaNum.cs,"[(1014,1062)]","Log1P、ExpM1、PowM1 仅形成无外部调用的内部链；可删除或连同对应低层辅助函数一起移出。"
Assets/Resources/Script/Math/ExpantaNum.cs,"[(1074,1092)]","Cot、Sec、Csc 在仓库内无调用，可删除。"
Assets/Resources/Script/Math/ExpantaNum.cs,"[(1171,1201)]","Asinh、Acosh、Atanh 在仓库内无调用，可删除。"
Assets/Resources/Script/Math/ExpantaNum.cs,"[(1209,1223)]","Factorial 在仓库内无调用，可删除或移出运行时数学核心。"
Assets/Resources/Script/Math/ExpantaNum.cs,"[(1294,1315)]","LambertW 在仓库内无调用，可删除或移出高级数学模块。"
Assets/Resources/Script/Math/ExpantaNum.cs,"[(1392,1441),(1496,1525)]","Pentate、SuperLog 在仓库内无调用，属于超高阶数学 API；可移出游戏运行时程序集。"
Assets/Resources/Script/Math/ExpantaNum.cs,"[(3002,3005)]","CreateSpecial 私有方法无调用，属于死代码，可删除。"
Assets/Resources/Script/UI/KingdomUIRoot.cs,"[(187,187),(211,211)]","musicCurrentLabel 与 lastDevelopmentGuidanceSignature 仅声明未使用，可删除。"
Assets/Resources/Script/UI/KingdomUIRoot.Music.cs,"[(88,113)]","ConfigureMusicTrackIcon 与 ConfigureMusicControlIcon 大量重复图片绑定逻辑；提取统一图标配置函数，仅保留差异参数。"
Assets/Resources/Script/UI/KingdomUIRoot.Music.cs,"[(188,205)]","ConfigureMusicText 及 BringMusicTextToFront 在仓库内无调用，可删除。"
Assets/Resources/Script/UI/KingdomUIRoot.AuthoredRows.cs,"[(132,138),(245,251),(381,387)]","Resource、Building、Workshop 三个排序比较器完全重复；提取按 TechLevel 和 Id 排序的共享比较器。"
Assets/Resources/Script/UI/KingdomUIRoot.Sectors.cs,"[(304,311)]","CountSectorCards 在仓库内无调用，可删除。"
docs/decisions/conservative-defaults.md,"[(12,12)]","目标基准分辨率 1920x1080 与当前 Huawei P40 Pro 的 2640x1200、ScaleWithScreenSize、Match Width UI 合同不一致；统一为当前合同，或明确标记为历史设计默认值。"
docs/plans/ui-ready-and-redesign.md,"[(1,59)]","旧计划引用仓库中不存在的 ToDoList_New.txt，并继续描述已完成的 Viewer/Displayer、GameUIRefreshManager 迁移；建议归档，或重写为当前架构下的剩余任务清单。"
docs/architecture/ui-boundaries.md,"[(3,34)]","Viewer、Displayer、GameUIRefreshManager 等术语与当前 KingdomUIRoot partial、AuthoredRows、LiveRefresh 和 ResearchTree 实现不一致；更新为当前架构合同，删除已完成迁移的计划式描述。"
docs/architecture/ui-boundaries.md,"[(67,77)]","该段仍以旧 Viewer 生命周期和临时离屏隐藏机制为主叙述；拆分已验证的当前生命周期合同与待验证兼容逻辑，避免把历史迁移状态当作现行设计。"
docs/architecture/runtime-state.md,"[(25,39)]","“tick foundation must be completed”仍是旧计划式表述，而当前两阶段资源结算已在 SimulationManager/BuildingManager/ResourceManager 中实现；改为当前实现合同，并将未实现的 auto-build/命令队列单独标记为未来设计。"
docs/plans/progress-log.md,"[(1,431)]","长期日志混合当前状态、历史失败、旧测试结果和旧架构迁移记录；拆分为当前状态摘要、历史变更记录和归档证据，只在主文档保留最新状态与当前阻塞项，并去除重复验证说明。"
docs/audits/kingdom-master-game-audit.md,"[(3,5)]","文档日期为 2026-08-30，却声明描述当前工作树；增加生成提交/时间，或改为明确的历史审计快照，避免被误读为最新状态。"
docs/audits/kingdom-master-game-audit.md,"[(102,139)]","固定测试结果、Unity/PID、Android 构建环境和一次性隔离路径会快速过期；正文改为链接当前测试报告和可复现命令，将现场日志移入归档。"
docs/audits/building-resource-flow-constraint.md,"[(52,60)]","将 2026-08-28 测试结果称为 latest available 容易被误读为当前结论；改为明确的历史证据区块，并链接当前 TestResults/Latest-Test-Errors.txt 与最新运行报告。"
docs/audits/p3-04-android-build-review.md,"[(15,41)]","一次性 D:\CodexTemp 路径、Unity PID 和构建现场信息应移入构建日志；正文只保留可复现命令、构建结果和当前阻塞结论。"
data/economy-simulation/EconomySimulationReport.md,"[(1,61)]","与 Fast/Normal/Conservative 报告重复整套冻结声明、规则、验证边界和历史结论；集中共享说明，仅保留 Normal 策略差异与结果数据。"
data/economy-simulation/Fast/EconomySimulationReport.md,"[(1,61)]","与总报告及其他策略副本重复整套说明；改为引用 data/economy-simulation/NOTICE.md 和共享规则，仅保留 Fast 策略输入、结果与警告。"
data/economy-simulation/Normal/EconomySimulationReport.md,"[(1,61)]","与总报告及其他策略副本重复整套说明；改为引用 data/economy-simulation/NOTICE.md 和共享规则，仅保留 Normal 策略输入、结果与警告。"
data/economy-simulation/Conservative/EconomySimulationReport.md,"[(1,61)]","与总报告及其他策略副本重复整套说明；改为引用 data/economy-simulation/NOTICE.md 和共享规则，仅保留 Conservative 策略输入、结果与警告。"
tools/EconomySimulator/README.md,"[(1,11)]","冻结状态与 data/economy-simulation/NOTICE.md 重复；压缩为 simulator 的用途/禁用状态，并指向统一 NOTICE，避免多处维护相同证据边界。"
tools/README.md,"[(5,6)]","这里仍把 simulator 和 content-dependency 当作可用工具列表；content-dependency/ContentDependencyAnalyzer.ps1 已不存在，且 simulator 已冻结禁用，应改为当前存在工具及其状态说明。"
docs/content/home-system-exploration-rewards.md,"[(7,11)]","“本星系探索不使用敌方强度、攻击力或防御力作为门槛”在第 7 行和第 11 行重复；合并为一段，保留唯一规则来源和测试引用。"
