TimeSeconds,Minute,TechLevel,WorkshopId,Count
75670.0,1261.17,Industrial,"DraftingTables",1
105670.0,1761.17,Industrial,"CokeOvenOptimization",1
200470.0,3341.17,Industrial,"ReinforcedBoilers",1
233470.0,3891.17,Industrial,"PrecisionTooling",1
234070.0,3901.17,Industrial,"PoweredMining",1
235270.0,3921.17,Industrial,"RotaryKilns",1
246670.0,4111.17,Industrial,"RotaryDrillingHeads",1
247270.0,4121.17,Industrial,"ControlledBlasting",1
251470.0,4191.17,Industrial,"HotBlastStoves",1
281470.0,4691.17,Industrial,"LaboratoryGlassware",1
282070.0,4701.17,Industrial,"ElectricalInstrumentation",1
282670.0,4711.17,Industrial,"InsulatedWindings",1
283270.0,4721.17,Industrial,"BlockSignalling",1
283870.0,4731.17,Industrial,"HighPressureTurbines",1
284470.0,4741.17,Industrial,"IntegratedFurnaces",1
301870.0,5031.17,Industrial,"AdvancedCeramicFiring",1
314470.0,5241.17,Industrial,"FuelInjection",1
330670.0,5511.17,Industrial,"ConcreteBatching",1
334870.0,5581.17,Industrial,"IndustrialHousingStandards",1
340870.0,5681.17,Industrial,"PressurizedReactors",1
341470.0,5691.17,Industrial,"ContinuousDistillation",1
343270.0,5721.17,Industrial,"ConveyorSystems",1
343870.0,5731.17,Industrial,"MechanicalLooms",1
345070.0,5751.17,Industrial,"MechanizedForestryEquipment",1
348070.0,5801.17,Industrial,"AgriculturalMachinery",1
350470.0,5841.17,Industrial,"StandardizedFreightContainers",1
351670.0,5861.17,Industrial,"HeavyMineralSeparationSystem",1
352870.0,5881.17,Industrial,"AluminumElectrolyticCells",1
354670.0,5911.17,Industrial,"NickelLeachingElectrowinningSystem",1
447670.0,7461.17,Industrial,"LightAlloyFrames",1
448270.0,7471.17,Industrial,"AluminumBusbars",1
448870.0,7481.17,Industrial,"VacuumArcFurnace",1
537070.0,8951.17,Spacer,"OrbitalThermalManagement",1
