Era,Resource,ProductionPerSecond,ConsumptionPerSecond,NetPerSecond
Animal,"Bronze",0,0,0
Animal,"Chemical",0,0,0
Animal,"Clay",0,0,0
Animal,"Cloth",0,0,0
Animal,"Coal",0,0,0
Animal,"Coke",0,0,0
Animal,"Composite",0,0,0
Animal,"Copper",0,0,0
Animal,"CopperOre",0,0,0
Animal,"CopperWire",0,0,0
Animal,"CrudeOil",0,0,0
Animal,"Electronics",0,0,0
Animal,"Engine",0,0,0
Animal,"Glass",0,0,0
Animal,"IndustrialCeramic",0,0,0
Animal,"Iron",0,0,0
Animal,"IronOre",0,0,0
Animal,"Lubricant",0,0,0
Animal,"Machinery",0,0,0
Animal,"PlantFiber",0,0,0
Animal,"Pottery",0,0,0
Animal,"PrecisionParts",0,0,0
Animal,"RefinedFuel",0,0,0
Animal,"RocketFuel",0,0,0
Animal,"Rubber",0,0,0
Animal,"Silica",0,0,0
Animal,"Steel",0,0,0
Animal,"StoneBrick",0,0,0
Animal,"StoneChunk",0,0,0
Animal,"Tin",0,0,0
Animal,"TinOre",0,0,0
Animal,"WoodLog",0,0,0
Neolithic,"Bronze",0,0,0
Neolithic,"Chemical",0,0,0
Neolithic,"Clay",0,0,0
Neolithic,"Cloth",0,0,0
Neolithic,"Coal",0,0,0
Neolithic,"Coke",0,0,0
Neolithic,"Composite",0,0,0
Neolithic,"Copper",0,0,0
Neolithic,"CopperOre",0,0,0
Neolithic,"CopperWire",0,0,0
Neolithic,"CrudeOil",0,0,0
Neolithic,"Electronics",0,0,0
Neolithic,"Engine",0,0,0
Neolithic,"Glass",0,0,0
Neolithic,"IndustrialCeramic",0,0,0
Neolithic,"Iron",0,0,0
Neolithic,"IronOre",0,0,0
Neolithic,"Lubricant",0,0,0
Neolithic,"Machinery",0,0,0
Neolithic,"PlantFiber",0,0,0
Neolithic,"Pottery",0,0,0
Neolithic,"PrecisionParts",0,0,0
Neolithic,"RefinedFuel",0,0,0
Neolithic,"RocketFuel",0,0,0
Neolithic,"Rubber",0,0,0
Neolithic,"Silica",0,0,0
Neolithic,"Steel",0,0,0
Neolithic,"StoneBrick",0,0,0
Neolithic,"StoneChunk",0,0,0
Neolithic,"Tin",0,0,0
Neolithic,"TinOre",0,0,0
Neolithic,"WoodLog",0,0,0
Medieval,"Bronze",0,0,0
Medieval,"Chemical",0,0,0
Medieval,"Clay",0,0,0
Medieval,"Cloth",0,0,0
Medieval,"Coal",0,0,0
Medieval,"Coke",0,0,0
Medieval,"Composite",0,0,0
Medieval,"Copper",0,0,0
Medieval,"CopperOre",0,0,0
Medieval,"CopperWire",0,0,0
Medieval,"CrudeOil",0,0,0
Medieval,"Electronics",0,0,0
Medieval,"Engine",0,0,0
Medieval,"Glass",0,0,0
Medieval,"IndustrialCeramic",0,0,0
Medieval,"Iron",0,0,0
Medieval,"IronOre",0,0,0
Medieval,"Lubricant",0,0,0
Medieval,"Machinery",0,0,0
Medieval,"PlantFiber",0,0,0
Medieval,"Pottery",0,0,0
Medieval,"PrecisionParts",0,0,0
Medieval,"RefinedFuel",0,0,0
Medieval,"RocketFuel",0,0,0
Medieval,"Rubber",0,0,0
Medieval,"Silica",0,0,0
Medieval,"Steel",0,0,0
Medieval,"StoneBrick",0,0,0
Medieval,"StoneChunk",0,0,0
Medieval,"Tin",0,0,0
Medieval,"TinOre",0,0,0
Medieval,"WoodLog",0,0,0
Industrial,"Bronze",0,0,0
Industrial,"Chemical",0,0,0
Industrial,"Clay",0,0,0
Industrial,"Cloth",0,0,0
Industrial,"Coal",0,0,0
Industrial,"Coke",0,0,0
Industrial,"Composite",0,0,0
Industrial,"Copper",0,0,0
Industrial,"CopperOre",0,0,0
Industrial,"CopperWire",0,0,0
Industrial,"CrudeOil",0,0,0
Industrial,"Electronics",0,0,0
Industrial,"Engine",0,0,0
Industrial,"Glass",0,0,0
Industrial,"IndustrialCeramic",0,0,0
Industrial,"Iron",0,0,0
Industrial,"IronOre",0,0,0
Industrial,"Lubricant",0,0,0
Industrial,"Machinery",0,0,0
Industrial,"PlantFiber",0,0,0
Industrial,"Pottery",0,0,0
Industrial,"PrecisionParts",0,0,0
Industrial,"RefinedFuel",0,0,0
Industrial,"RocketFuel",0,0,0
Industrial,"Rubber",0,0,0
Industrial,"Silica",0,0,0
Industrial,"Steel",0,0,0
Industrial,"StoneBrick",0,0,0
Industrial,"StoneChunk",0,0,0
Industrial,"Tin",0,0,0
Industrial,"TinOre",0,0,0
Industrial,"WoodLog",0,0,0
