TimeSeconds,Minute,TechLevel,BuildingId,Count
170.0,2.83,Animal,"WoodHouse",1
270.0,4.5,Animal,"Farm",1
300.0,5,Animal,"FiberGatheringCamp",1
380.0,6.33,Animal,"WoodHouse",2
430.0,7.17,Animal,"Farm",2
500.0,8.33,Animal,"Farm",3
570.0,9.5,Animal,"Farm",4
640.0,10.67,Animal,"FiberGatheringCamp",2
750.0,12.5,Animal,"WoodHouse",3
830.0,13.83,Animal,"ClayPit",1
910.0,15.17,Animal,"FiberGatheringCamp",3
1000.0,16.67,Animal,"ClayPit",2
1130.0,18.83,Animal,"WoodHouse",4
1220.0,20.33,Animal,"FiberGatheringCamp",4
1330.0,22.17,Animal,"ClayPit",3
1440.0,24,Animal,"ClayPit",4
1600.0,26.67,Animal,"WoodHouse",5
1780.0,29.67,Animal,"WoodHouse",6
2100.0,35,Animal,"Quarry",1
2270.0,37.83,Animal,"Quarry",2
2370.0,39.5,Animal,"StoneCuttingWorkshop",1
2770.0,46.17,Animal,"WoodHouse",7
2880.0,48,Animal,"StoneCuttingWorkshop",2
3100.0,51.67,Animal,"StoneCuttingWorkshop",3
3350.0,55.83,Animal,"WoodHouse",8
3470.0,57.83,Animal,"Lumberyard",1
3490.0,58.17,Animal,"Lumberyard",2
3510.0,58.5,Animal,"Lumberyard",3
3520.0,58.67,Animal,"WoodHouse",9
3540.0,59,Animal,"WoodHouse",10
3550.0,59.17,Animal,"Lumberyard",4
3560.0,59.33,Animal,"StoneCuttingWorkshop",4
3580.0,59.67,Animal,"WoodHouse",11
3590.0,59.83,Animal,"Quarry",3
3600.0,60,Animal,"WoodHouse",12
3610.0,60.17,Animal,"Quarry",4
3640.0,60.67,Animal,"WoodHouse",13
3660.0,61,Animal,"WoodHouse",14
3700.0,61.67,Animal,"WoodHouse",15
3750.0,62.5,Animal,"WoodHouse",16
3830.0,63.83,Animal,"WoodHouse",17
3920.0,65.33,Animal,"WoodHouse",18
4030.0,67.17,Animal,"WoodHouse",19
4160.0,69.33,Animal,"WoodHouse",20
4330.0,72.17,Animal,"WoodHouse",21
4540.0,75.67,Animal,"WoodHouse",22
6740.0,112.33,Neolithic,"KnowledgeCircle",1
6750.0,112.5,Neolithic,"KnowledgeCircle",2
6760.0,112.67,Neolithic,"KnowledgeCircle",3
6770.0,112.83,Neolithic,"KnowledgeCircle",4
6780.0,113,Neolithic,"MetalMine",1
6790.0,113.17,Neolithic,"CoalMine",1
6800.0,113.33,Neolithic,"MetalMine",2
6810.0,113.5,Neolithic,"MetalMine",3
6820.0,113.67,Neolithic,"MetalMine",4
6830.0,113.83,Neolithic,"CoalMine",2
6840.0,114,Neolithic,"CoalMine",3
6850.0,114.17,Neolithic,"CoalMine",4
7290.0,121.5,Neolithic,"CeramicKiln",1
7300.0,121.67,Neolithic,"CeramicKiln",2
7310.0,121.83,Neolithic,"CeramicKiln",3
7320.0,122,Neolithic,"CeramicKiln",4
7670.0,127.83,Neolithic,"WeavingWorkshop",1
7680.0,128,Neolithic,"WeavingWorkshop",2
7690.0,128.17,Neolithic,"WeavingWorkshop",3
7700.0,128.33,Neolithic,"WeavingWorkshop",4
9100.0,151.67,Neolithic,"CharcoalKiln",1
9110.0,151.83,Neolithic,"CharcoalKiln",2
9120.0,152,Neolithic,"CharcoalKiln",3
9130.0,152.17,Neolithic,"CharcoalKiln",4
23475.0,391.25,Medieval,"Smokehouse",1
23485.0,391.42,Medieval,"Smokehouse",2
23495.0,391.58,Medieval,"Smokehouse",3
23505.0,391.75,Medieval,"Smokehouse",4
28055.0,467.58,Medieval,"MetalSmelter",1
28065.0,467.75,Medieval,"MetalSmelter",2
28075.0,467.92,Medieval,"MetalSmelter",3
28085.0,468.08,Medieval,"MetalSmelter",4
38685.0,644.75,Medieval,"SteelForge",1
38695.0,644.92,Medieval,"SteelForge",2
38705.0,645.08,Medieval,"SteelForge",3
38715.0,645.25,Medieval,"SteelForge",4
114085.0,1901.42,Industrial,"WireMill",1
114145.0,1902.42,Industrial,"WireMill",2
114205.0,1903.42,Industrial,"WireMill",3
114265.0,1904.42,Industrial,"WireMill",4
119905.0,1998.42,Industrial,"OilDerrick",1
119965.0,1999.42,Industrial,"OilDerrick",2
120025.0,2000.42,Industrial,"OilDerrick",3
120085.0,2001.42,Industrial,"OilDerrick",4
