Minute,TechLevel,ResearchPower,Population,PopulationGrowthMultiplier,PopulationGrowthPerSecond,TotalProductivity,UsedProductivity,AvailableProductivity,ProductivityUtilization,TerritoryUsed,TerritoryTotal,ActiveResearch,Resources,Buildings,ResearchCompleted,WorkshopPurchased
0,Animal,4,0,1,0,0,0,0,0,0,500,"Agriculture","WoodLog=1","","",""
10,Animal,4,10,1.2,0,20,15,5,0.75,25,500,"Quarry","Biomass=527.08;WoodLog=32.54","Farm=4;FiberGatheringCamp=1;WoodHouse=2","Agriculture;ClayExtraction;ControlledFire",""
20,Animal,4,19,1.2,1.292,38,29,9,0.763,45,500,"Quarry","Biomass=3059.87;Clay=1184.99;WoodLog=72.13","ClayPit=2;Farm=4;FiberGatheringCamp=3;WoodHouse=4","Agriculture;ClayExtraction;ControlledFire",""
30,Animal,4,26,1.2,4.565,52,40,12,0.769,62,500,"Quarry","Biomass=7064.91;Clay=5279.7;WoodLog=22.63","ClayPit=4;Farm=4;FiberGatheringCamp=4;WoodHouse=6","Agriculture;ClayExtraction;ControlledFire",""
40,Animal,4,30,1.2,0,60,57,3,0.95,79,500,"Mining","Biomass=10953.65;Clay=9946.19;StoneBrick=41.95;StoneChunk=1131.04;WoodLog=35.83","ClayPit=4;Farm=4;FiberGatheringCamp=4;Quarry=2;StoneCuttingWorkshop=1;WoodHouse=6","Agriculture;ClayExtraction;ControlledFire;Quarry;StoneTools",""
50,Animal,4,35,1.2,0,70,62,8,0.886,87,500,"Woodworking","Biomass=14814.75;Clay=14579.51;StoneBrick=1040.43;StoneChunk=3579.54;WoodLog=40.86","ClayPit=4;Farm=4;FiberGatheringCamp=4;Quarry=2;StoneCuttingWorkshop=2;WoodHouse=7","Agriculture;ClayExtraction;ControlledFire;Mining;Quarry;StoneTools",""
60,Animal,4.6,48,1.2,7.389,96,94,2,0.979,142,500,"HerbalKnowledge","Biomass=18491.1;Clay=19071.14;StoneBrick=3403.09;StoneChunk=3633.11;WoodLog=37.4","ClayPit=4;Farm=4;FiberGatheringCamp=4;Lumberyard=4;Quarry=3;StoneCuttingWorkshop=4;WoodHouse=12","Agriculture;ClayExtraction;ControlledFire;KnowledgeSharing;Mining;Quarry;StoneTools;Woodworking",""
70,Animal,4.6,95,1.2,3.015,224.2,100,124.2,0.446,172,500,"NeolithicSettlement","Biomass=20838.14;Clay=21907.58;StoneBrick=5517.33;StoneChunk=5408.92;WoodLog=574.18","ClayPit=4;Farm=4;FiberGatheringCamp=4;Lumberyard=4;Quarry=4;StoneCuttingWorkshop=4;WoodHouse=20","Agriculture;AnimalHusbandry;ClayExtraction;ControlledFire;HerbalKnowledge;KnowledgeSharing;Mining;Quarry;StoneTools;Woodworking",""
80,Animal,4.6,110,1.2,0,259.6,100,159.6,0.385,178,500,"NeolithicSettlement","Biomass=22587.08;Clay=24006.3;StoneBrick=7028.41;StoneChunk=6808.06;WoodLog=3101.08","ClayPit=4;Farm=4;FiberGatheringCamp=4;Lumberyard=4;Quarry=4;StoneCuttingWorkshop=4;WoodHouse=22","Agriculture;AnimalHusbandry;ClayExtraction;ControlledFire;HerbalKnowledge;KnowledgeSharing;Mining;Quarry;StoneTools;Woodworking",""
90,Animal,4.6,110,1.2,0,259.6,100,159.6,0.385,178,500,"NeolithicSettlement","Biomass=24231.62;Clay=25979.76;StoneBrick=8449.3;StoneChunk=8123.7;WoodLog=10005.17","ClayPit=4;Farm=4;FiberGatheringCamp=4;Lumberyard=4;Quarry=4;StoneCuttingWorkshop=4;WoodHouse=22","Agriculture;AnimalHusbandry;ClayExtraction;ControlledFire;HerbalKnowledge;KnowledgeSharing;Mining;Quarry;StoneTools;Woodworking",""
100,Animal,4.6,110,1.2,0,259.6,100,159.6,0.385,178,500,"NeolithicSettlement","Biomass=25876.17;Clay=27953.21;StoneBrick=9870.19;StoneChunk=9439.33;WoodLog=16909.26","ClayPit=4;Farm=4;FiberGatheringCamp=4;Lumberyard=4;Quarry=4;StoneCuttingWorkshop=4;WoodHouse=22","Agriculture;AnimalHusbandry;ClayExtraction;ControlledFire;HerbalKnowledge;KnowledgeSharing;Mining;Quarry;StoneTools;Woodworking",""
110,Animal,4.6,110,1.2,0,259.6,100,159.6,0.385,178,500,"NeolithicSettlement","Biomass=27520.71;Clay=29926.67;StoneBrick=11291.07;StoneChunk=10754.97;WoodLog=23813.35","ClayPit=4;Farm=4;FiberGatheringCamp=4;Lumberyard=4;Quarry=4;StoneCuttingWorkshop=4;WoodHouse=22","Agriculture;AnimalHusbandry;ClayExtraction;ControlledFire;HerbalKnowledge;KnowledgeSharing;Mining;Quarry;StoneTools;Woodworking",""
120,Neolithic,9.2,110,1.45,0,359.6,180,179.6,0.501,250,800,"CeramicFiring","Biomass=29165.26;Clay=31665.12;Coal=1163.07;CopperOre=902.12;IronOre=721.69;StoneBrick=12571.96;StoneChunk=10772.06;TinOre=721.69;WoodLog=28543.66","ClayPit=4;CoalMine=4;Farm=4;FiberGatheringCamp=4;KnowledgeCircle=4;Lumberyard=4;MetalMine=4;Quarry=4;StoneCuttingWorkshop=4;WoodHouse=22","Agriculture;AnimalHusbandry;ClayExtraction;ControlledFire;HerbalKnowledge;KnowledgeSharing;Mining;NeolithicSettlement;Quarry;StoneTools;Woodworking",""
130,Neolithic,9.2,110,1.45,0,359.6,220,139.6,0.612,282,800,"CharcoalMaking","Biomass=30296.34;Ceramic=994.95;Clay=32360.75;Cloth=262.67;Coal=3205.59;CopperOre=2263.8;IronOre=1811.04;StoneBrick=13992.85;StoneChunk=12087.7;TinOre=1811.04;WoodLog=34560.87","CeramicKiln=4;ClayPit=4;CoalMine=4;Farm=4;FiberGatheringCamp=4;KnowledgeCircle=4;Lumberyard=4;MetalMine=4;Quarry=4;StoneCuttingWorkshop=4;WeavingWorkshop=4;WoodHouse=22","Agriculture;AnimalHusbandry;CeramicFiring;ClayExtraction;ControlledFire;HerbalKnowledge;KnowledgeSharing;Mining;NeolithicSettlement;Quarry;StoneTools;TextileCraft;Woodworking",""
140,Neolithic,9.2,110,1.45,0,359.6,220,139.6,0.612,282,800,"CharcoalMaking","Biomass=30844.52;Ceramic=2200.95;Clay=33237.84;Cloth=1633.13;Coal=5248.12;CopperOre=3625.48;IronOre=2900.39;StoneBrick=15413.74;StoneChunk=13403.33;TinOre=2900.39;WoodLog=41245.69","CeramicKiln=4;ClayPit=4;CoalMine=4;Farm=4;FiberGatheringCamp=4;KnowledgeCircle=4;Lumberyard=4;MetalMine=4;Quarry=4;StoneCuttingWorkshop=4;WeavingWorkshop=4;WoodHouse=22","Agriculture;AnimalHusbandry;CeramicFiring;ClayExtraction;ControlledFire;HerbalKnowledge;KnowledgeSharing;Mining;NeolithicSettlement;Quarry;StoneTools;TextileCraft;Woodworking",""
150,Neolithic,9.2,110,1.45,0,359.6,220,139.6,0.612,282,800,"CharcoalMaking","Biomass=31392.71;Ceramic=3406.95;Clay=34114.93;Cloth=3003.58;Coal=7290.64;CopperOre=4987.17;IronOre=3989.73;StoneBrick=16834.62;StoneChunk=14718.97;TinOre=3989.73;WoodLog=47930.5","CeramicKiln=4;ClayPit=4;CoalMine=4;Farm=4;FiberGatheringCamp=4;KnowledgeCircle=4;Lumberyard=4;MetalMine=4;Quarry=4;StoneCuttingWorkshop=4;WeavingWorkshop=4;WoodHouse=22","Agriculture;AnimalHusbandry;CeramicFiring;ClayExtraction;ControlledFire;HerbalKnowledge;KnowledgeSharing;Mining;NeolithicSettlement;Quarry;StoneTools;TextileCraft;Woodworking",""
160,Neolithic,9.2,110,1.45,0,359.6,240,119.6,0.667,298,800,"FeudalAdministration","Biomass=31940.89;Ceramic=4612.95;Clay=34232.05;Cloth=4274.03;Coal=10183.95;CopperOre=6348.85;IronOre=5079.08;StoneBrick=17600.19;StoneChunk=16034.61;TinOre=5079.08;WoodLog=51829.57","CeramicKiln=4;CharcoalKiln=4;ClayPit=4;CoalMine=4;Farm=4;FiberGatheringCamp=4;KnowledgeCircle=4;Lumberyard=4;MetalMine=4;Quarry=4;StoneCuttingWorkshop=4;WeavingWorkshop=4;WoodHouse=22","Agriculture;AnimalHusbandry;CeramicFiring;CharcoalMaking;ClayExtraction;ControlledFire;HerbalKnowledge;KnowledgeSharing;Mining;NeolithicSettlement;Quarry;StoneTools;TextileCraft;Woodworking",""
170,Neolithic,9.2,110,1.45,0,359.6,240,119.6,0.667,298,800,"FeudalAdministration","Biomass=32489.07;Ceramic=5818.95;Clay=35109.14;Cloth=5644.49;Coal=13278.98;CopperOre=7710.53;IronOre=6168.43;StoneBrick=19021.08;StoneChunk=17350.24;TinOre=6168.43;WoodLog=56321.66","CeramicKiln=4;CharcoalKiln=4;ClayPit=4;CoalMine=4;Farm=4;FiberGatheringCamp=4;KnowledgeCircle=4;Lumberyard=4;MetalMine=4;Quarry=4;StoneCuttingWorkshop=4;WeavingWorkshop=4;WoodHouse=22","Agriculture;AnimalHusbandry;CeramicFiring;CharcoalMaking;ClayExtraction;ControlledFire;HerbalKnowledge;KnowledgeSharing;Mining;NeolithicSettlement;Quarry;StoneTools;TextileCraft;Woodworking",""
180,Neolithic,9.2,110,1.45,0,359.6,240,119.6,0.667,298,800,"FeudalAdministration","Biomass=33037.25;Ceramic=7024.95;Clay=35986.23;Cloth=7014.94;Coal=16374.02;CopperOre=9072.22;IronOre=7257.77;StoneBrick=20441.97;StoneChunk=18665.88;TinOre=7257.77;WoodLog=60813.75","CeramicKiln=4;CharcoalKiln=4;ClayPit=4;CoalMine=4;Farm=4;FiberGatheringCamp=4;KnowledgeCircle=4;Lumberyard=4;MetalMine=4;Quarry=4;StoneCuttingWorkshop=4;WeavingWorkshop=4;WoodHouse=22","Agriculture;AnimalHusbandry;CeramicFiring;CharcoalMaking;ClayExtraction;ControlledFire;HerbalKnowledge;KnowledgeSharing;Mining;NeolithicSettlement;Quarry;StoneTools;TextileCraft;Woodworking",""
190,Neolithic,9.2,110,1.45,0,359.6,240,119.6,0.667,298,800,"FeudalAdministration","Biomass=33585.43;Ceramic=8230.95;Clay=36863.32;Cloth=8385.4;Coal=19469.05;CopperOre=10433.9;IronOre=8347.12;StoneBrick=21862.85;StoneChunk=19981.51;TinOre=8347.12;WoodLog=65305.84","CeramicKiln=4;CharcoalKiln=4;ClayPit=4;CoalMine=4;Farm=4;FiberGatheringCamp=4;KnowledgeCircle=4;Lumberyard=4;MetalMine=4;Quarry=4;StoneCuttingWorkshop=4;WeavingWorkshop=4;WoodHouse=22","Agriculture;AnimalHusbandry;CeramicFiring;CharcoalMaking;ClayExtraction;ControlledFire;HerbalKnowledge;KnowledgeSharing;Mining;NeolithicSettlement;Quarry;StoneTools;TextileCraft;Woodworking",""
200,Neolithic,9.2,110,1.45,0,359.6,240,119.6,0.667,298,800,"FeudalAdministration","Biomass=34133.61;Ceramic=9436.95;Clay=37740.41;Cloth=9755.85;Coal=22564.09;CopperOre=11795.58;IronOre=9436.47;StoneBrick=23283.74;StoneChunk=21297.15;TinOre=9436.47;WoodLog=69797.93","CeramicKiln=4;CharcoalKiln=4;ClayPit=4;CoalMine=4;Farm=4;FiberGatheringCamp=4;KnowledgeCircle=4;Lumberyard=4;MetalMine=4;Quarry=4;StoneCuttingWorkshop=4;WeavingWorkshop=4;WoodHouse=22","Agriculture;AnimalHusbandry;CeramicFiring;CharcoalMaking;ClayExtraction;ControlledFire;HerbalKnowledge;KnowledgeSharing;Mining;NeolithicSettlement;Quarry;StoneTools;TextileCraft;Woodworking",""
210,Neolithic,9.2,110,1.45,0,359.6,240,119.6,0.667,298,800,"FeudalAdministration","Biomass=34681.8;Ceramic=10642.95;Clay=38617.5;Cloth=11126.31;Coal=25659.12;CopperOre=13157.27;IronOre=10525.81;StoneBrick=24704.63;StoneChunk=22612.79;TinOre=10525.81;WoodLog=74290.02","CeramicKiln=4;CharcoalKiln=4;ClayPit=4;CoalMine=4;Farm=4;FiberGatheringCamp=4;KnowledgeCircle=4;Lumberyard=4;MetalMine=4;Quarry=4;StoneCuttingWorkshop=4;WeavingWorkshop=4;WoodHouse=22","Agriculture;AnimalHusbandry;CeramicFiring;CharcoalMaking;ClayExtraction;ControlledFire;HerbalKnowledge;KnowledgeSharing;Mining;NeolithicSettlement;Quarry;StoneTools;TextileCraft;Woodworking",""
220,Neolithic,9.2,110,1.45,0,359.6,240,119.6,0.667,298,800,"FeudalAdministration","Biomass=35229.98;Ceramic=11848.95;Clay=39494.59;Cloth=12496.76;Coal=28754.16;CopperOre=14518.95;IronOre=11615.16;StoneBrick=26125.51;StoneChunk=23928.42;TinOre=11615.16;WoodLog=78782.11","CeramicKiln=4;CharcoalKiln=4;ClayPit=4;CoalMine=4;Farm=4;FiberGatheringCamp=4;KnowledgeCircle=4;Lumberyard=4;MetalMine=4;Quarry=4;StoneCuttingWorkshop=4;WeavingWorkshop=4;WoodHouse=22","Agriculture;AnimalHusbandry;CeramicFiring;CharcoalMaking;ClayExtraction;ControlledFire;HerbalKnowledge;KnowledgeSharing;Mining;NeolithicSettlement;Quarry;StoneTools;TextileCraft;Woodworking",""
230,Neolithic,9.2,110,1.45,0,359.6,240,119.6,0.667,298,800,"FeudalAdministration","Biomass=35778.16;Ceramic=13054.95;Clay=40371.69;Cloth=13867.22;Coal=31849.19;CopperOre=15880.64;IronOre=12704.51;StoneBrick=27546.4;StoneChunk=25244.06;TinOre=12704.51;WoodLog=83274.2","CeramicKiln=4;CharcoalKiln=4;ClayPit=4;CoalMine=4;Farm=4;FiberGatheringCamp=4;KnowledgeCircle=4;Lumberyard=4;MetalMine=4;Quarry=4;StoneCuttingWorkshop=4;WeavingWorkshop=4;WoodHouse=22","Agriculture;AnimalHusbandry;CeramicFiring;CharcoalMaking;ClayExtraction;ControlledFire;HerbalKnowledge;KnowledgeSharing;Mining;NeolithicSettlement;Quarry;StoneTools;TextileCraft;Woodworking",""
240,Neolithic,9.2,110,1.45,0,359.6,240,119.6,0.667,298,800,"FeudalAdministration","Biomass=36326.34;Ceramic=14260.95;Clay=41248.78;Cloth=15237.67;Coal=34944.22;CopperOre=17242.32;IronOre=13793.86;StoneBrick=28967.29;StoneChunk=26559.7;TinOre=13793.86;WoodLog=87766.3","CeramicKiln=4;CharcoalKiln=4;ClayPit=4;CoalMine=4;Farm=4;FiberGatheringCamp=4;KnowledgeCircle=4;Lumberyard=4;MetalMine=4;Quarry=4;StoneCuttingWorkshop=4;WeavingWorkshop=4;WoodHouse=22","Agriculture;AnimalHusbandry;CeramicFiring;CharcoalMaking;ClayExtraction;ControlledFire;HerbalKnowledge;KnowledgeSharing;Mining;NeolithicSettlement;Quarry;StoneTools;TextileCraft;Woodworking",""
250,Neolithic,9.2,110,1.45,0,359.6,240,119.6,0.667,298,800,"FeudalAdministration","Biomass=36874.52;Ceramic=15466.95;Clay=42125.87;Cloth=16608.12;Coal=38039.26;CopperOre=18604;IronOre=14883.2;StoneBrick=30388.18;StoneChunk=27875.33;TinOre=14883.2;WoodLog=92258.39","CeramicKiln=4;CharcoalKiln=4;ClayPit=4;CoalMine=4;Farm=4;FiberGatheringCamp=4;KnowledgeCircle=4;Lumberyard=4;MetalMine=4;Quarry=4;StoneCuttingWorkshop=4;WeavingWorkshop=4;WoodHouse=22","Agriculture;AnimalHusbandry;CeramicFiring;CharcoalMaking;ClayExtraction;ControlledFire;HerbalKnowledge;KnowledgeSharing;Mining;NeolithicSettlement;Quarry;StoneTools;TextileCraft;Woodworking",""
260,Neolithic,9.2,110,1.45,0,359.6,240,119.6,0.667,298,800,"FeudalAdministration","Biomass=37422.71;Ceramic=16672.95;Clay=43002.96;Cloth=17978.58;Coal=41134.29;CopperOre=19965.69;IronOre=15972.55;StoneBrick=31809.06;StoneChunk=29190.97;TinOre=15972.55;WoodLog=96750.48","CeramicKiln=4;CharcoalKiln=4;ClayPit=4;CoalMine=4;Farm=4;FiberGatheringCamp=4;KnowledgeCircle=4;Lumberyard=4;MetalMine=4;Quarry=4;StoneCuttingWorkshop=4;WeavingWorkshop=4;WoodHouse=22","Agriculture;AnimalHusbandry;CeramicFiring;CharcoalMaking;ClayExtraction;ControlledFire;HerbalKnowledge;KnowledgeSharing;Mining;NeolithicSettlement;Quarry;StoneTools;TextileCraft;Woodworking",""
270,Neolithic,9.2,110,1.45,0,359.6,240,119.6,0.667,298,800,"FeudalAdministration","Biomass=37970.89;Ceramic=17878.95;Clay=43880.05;Cloth=19349.03;Coal=44229.33;CopperOre=21327.37;IronOre=17061.9;StoneBrick=33229.95;StoneChunk=30506.61;TinOre=17061.9;WoodLog=101242.57","CeramicKiln=4;CharcoalKiln=4;ClayPit=4;CoalMine=4;Farm=4;FiberGatheringCamp=4;KnowledgeCircle=4;Lumberyard=4;MetalMine=4;Quarry=4;StoneCuttingWorkshop=4;WeavingWorkshop=4;WoodHouse=22","Agriculture;AnimalHusbandry;CeramicFiring;CharcoalMaking;ClayExtraction;ControlledFire;HerbalKnowledge;KnowledgeSharing;Mining;NeolithicSettlement;Quarry;StoneTools;TextileCraft;Woodworking",""
280,Neolithic,9.2,110,1.45,0,359.6,240,119.6,0.667,298,800,"FeudalAdministration","Biomass=38519.07;Ceramic=19084.95;Clay=44757.14;Cloth=20719.49;Coal=47324.36;CopperOre=22689.05;IronOre=18151.24;StoneBrick=34650.84;StoneChunk=31822.24;TinOre=18151.24;WoodLog=105734.66","CeramicKiln=4;CharcoalKiln=4;ClayPit=4;CoalMine=4;Farm=4;FiberGatheringCamp=4;KnowledgeCircle=4;Lumberyard=4;MetalMine=4;Quarry=4;StoneCuttingWorkshop=4;WeavingWorkshop=4;WoodHouse=22","Agriculture;AnimalHusbandry;CeramicFiring;CharcoalMaking;ClayExtraction;ControlledFire;HerbalKnowledge;KnowledgeSharing;Mining;NeolithicSettlement;Quarry;StoneTools;TextileCraft;Woodworking",""
290,Neolithic,9.2,110,1.45,0,359.6,240,119.6,0.667,298,800,"FeudalAdministration","Biomass=39067.25;Ceramic=20290.95;Clay=45634.23;Cloth=22089.94;Coal=50419.4;CopperOre=24050.74;IronOre=19240.59;StoneBrick=36071.73;StoneChunk=33137.88;TinOre=19240.59;WoodLog=110226.75","CeramicKiln=4;CharcoalKiln=4;ClayPit=4;CoalMine=4;Farm=4;FiberGatheringCamp=4;KnowledgeCircle=4;Lumberyard=4;MetalMine=4;Quarry=4;StoneCuttingWorkshop=4;WeavingWorkshop=4;WoodHouse=22","Agriculture;AnimalHusbandry;CeramicFiring;CharcoalMaking;ClayExtraction;ControlledFire;HerbalKnowledge;KnowledgeSharing;Mining;NeolithicSettlement;Quarry;StoneTools;TextileCraft;Woodworking",""
300,Neolithic,9.2,110,1.45,0,359.6,240,119.6,0.667,298,800,"FeudalAdministration","Biomass=39615.43;Ceramic=21496.95;Clay=46511.32;Cloth=23460.4;Coal=53514.43;CopperOre=25412.42;IronOre=20329.94;StoneBrick=37492.61;StoneChunk=34453.51;TinOre=20329.94;WoodLog=114718.84","CeramicKiln=4;CharcoalKiln=4;ClayPit=4;CoalMine=4;Farm=4;FiberGatheringCamp=4;KnowledgeCircle=4;Lumberyard=4;MetalMine=4;Quarry=4;StoneCuttingWorkshop=4;WeavingWorkshop=4;WoodHouse=22","Agriculture;AnimalHusbandry;CeramicFiring;CharcoalMaking;ClayExtraction;ControlledFire;HerbalKnowledge;KnowledgeSharing;Mining;NeolithicSettlement;Quarry;StoneTools;TextileCraft;Woodworking",""
310,Neolithic,9.2,110,1.45,0,359.6,240,119.6,0.667,298,800,"FeudalAdministration","Biomass=40163.61;Ceramic=22702.95;Clay=47388.41;Cloth=24830.85;Coal=56609.47;CopperOre=26774.1;IronOre=21419.28;StoneBrick=38913.5;StoneChunk=35769.15;TinOre=21419.28;WoodLog=119210.93","CeramicKiln=4;CharcoalKiln=4;ClayPit=4;CoalMine=4;Farm=4;FiberGatheringCamp=4;KnowledgeCircle=4;Lumberyard=4;MetalMine=4;Quarry=4;StoneCuttingWorkshop=4;WeavingWorkshop=4;WoodHouse=22","Agriculture;AnimalHusbandry;CeramicFiring;CharcoalMaking;ClayExtraction;ControlledFire;HerbalKnowledge;KnowledgeSharing;Mining;NeolithicSettlement;Quarry;StoneTools;TextileCraft;Woodworking",""
320,Neolithic,9.2,110,1.45,0,359.6,240,119.6,0.667,298,800,"FeudalAdministration","Biomass=40711.8;Ceramic=23908.95;Clay=48265.5;Cloth=26201.31;Coal=59704.5;CopperOre=28135.79;IronOre=22508.63;StoneBrick=40334.39;StoneChunk=37084.79;TinOre=22508.63;WoodLog=123703.02","CeramicKiln=4;CharcoalKiln=4;ClayPit=4;CoalMine=4;Farm=4;FiberGatheringCamp=4;KnowledgeCircle=4;Lumberyard=4;MetalMine=4;Quarry=4;StoneCuttingWorkshop=4;WeavingWorkshop=4;WoodHouse=22","Agriculture;AnimalHusbandry;CeramicFiring;CharcoalMaking;ClayExtraction;ControlledFire;HerbalKnowledge;KnowledgeSharing;Mining;NeolithicSettlement;Quarry;StoneTools;TextileCraft;Woodworking",""
330,Neolithic,9.2,110,1.45,0,359.6,240,119.6,0.667,298,800,"FeudalAdministration","Biomass=41259.98;Ceramic=25114.95;Clay=49142.59;Cloth=27571.76;Coal=62799.54;CopperOre=29497.47;IronOre=23597.98;StoneBrick=41755.27;StoneChunk=38400.42;TinOre=23597.98;WoodLog=128195.11","CeramicKiln=4;CharcoalKiln=4;ClayPit=4;CoalMine=4;Farm=4;FiberGatheringCamp=4;KnowledgeCircle=4;Lumberyard=4;MetalMine=4;Quarry=4;StoneCuttingWorkshop=4;WeavingWorkshop=4;WoodHouse=22","Agriculture;AnimalHusbandry;CeramicFiring;CharcoalMaking;ClayExtraction;ControlledFire;HerbalKnowledge;KnowledgeSharing;Mining;NeolithicSettlement;Quarry;StoneTools;TextileCraft;Woodworking",""
43200,Industrial,315.29,308,1.6,0,1936.88,1212,724.88,0.626,530,2325,"IndustrialChemistry","Biomass=3770596.66;Bronze=4722660.3;Ceramic=6458935.84;Clay=5514100.24;Cloth=7338558.03;Coal=4012638.57;Copper=6299431.03;CopperOre=2264209.05;CopperWire=0;CrudeOil=0;Electronics=0;Explosives=0;Iron=1285006.38;IronOre=804491.51;Steel=6680774.71;StoneBrick=7581783.08;StoneChunk=8666840.73;Tin=6301741.43;TinOre=804847.51;WoodLog=25220848.83","Academy=4;CeramicKiln=4;CharcoalKiln=4;ClayPit=4;CoalMine=4;Farm=0;FiberGatheringCamp=4;Granary=4;IrrigationWorks=4;KnowledgeCircle=0;Library=0;Lumberyard=4;MetalMine=4;MetalSmelter=4;OilDerrick=4;Quarry=4;ScribeHut=0;Smokehouse=0;SteelForge=4;StoneCuttingWorkshop=4;StoneHouse=22;WeavingWorkshop=4;WireMill=4;WoodHouse=0","Agriculture;AnimalFodder;AnimalHusbandry;Bookmaking;Calendar;CeramicFiring;CharcoalMaking;ClayExtraction;Coking;ControlledFire;CouncilGovernance;CropRotation;ElectricalEngineering;FeudalAdministration;FoodPreservation;FoodStorage;HerbalKnowledge;Industrialization;IndustrialWorkshop;IrrigationEngineering;KnowledgeSharing;Masonry;Mathematics;Measurement;MechanicalEngineering;Mining;NaturalPhilosophy;NeolithicSettlement;OrganizedDefense;OrganizedWatch;PetroleumExtraction;PowerGridEngineering;Quarry;ScholasticInstitutions;Smithing_Bronze;Smithing_Copper;Smithing_Iron;Standardization;SteamPower;Steelmaking;StoneTools;TextileCraft;TradeRoutes;VillageCrafts;VillageOrganization;Woodworking;WrittenRecords","CokeOvenOptimization;DraftingTables"
