TimeSeconds,Minute,TechLevel,ResearchId,Count
180.1,3,Animal,"Agriculture",0
240.1,4,Animal,"ControlledFire",0
480.2,8,Animal,"AnimalHusbandry",0
720.3,12.01,Animal,"ClayExtraction",0
840.4,14.01,Animal,"Quarry",0
1140.5,19.01,Animal,"StoneTools",0
1590.5,26.51,Animal,"ForagingGroups",0
2190.5,36.51,Animal,"Mining",0
2840.5,47.34,Animal,"FishingTechniques",0
3590.5,59.84,Animal,"TreeCultivate",0
4490.5,74.84,Animal,"Mining_Copper",0
5390.5,89.84,Animal,"StoneCutting",0
9140.6,152.34,Animal,"NeolithicSettlement",0
10415.6,173.59,Neolithic,"HerbalKnowledge",0
11840.6,197.34,Neolithic,"Woodworking",0
13340.6,222.34,Neolithic,"Mathematics",0
14420.6,240.34,Neolithic,"Geometry",0
15380.6,256.34,Neolithic,"Pottery",0
17060.7,284.35,Neolithic,"Calendar",0
18380.7,306.35,Neolithic,"Stargazing",0
20060.8,334.35,Neolithic,"Surveying",0
21180.8,353.01,Neolithic,"TextileCraft",0
22980.9,383.01,Neolithic,"KnowledgeSharing",0
23820.9,397.01,Neolithic,"Arithmetic",0
25727.5,428.79,Neolithic,"NaturalPhilosophy",0
27746.2,462.44,Neolithic,"CoalMining",0
29764.9,496.08,Neolithic,"FoodPreservation",0
31895.8,531.6,Neolithic,"RecordKeeping",0
34138.8,568.98,Neolithic,"VillageOrganization",0
36606.1,610.1,Neolithic,"OrganizedDefense",0
39297.7,654.96,Neolithic,"OrePurification",0
41690.3,694.84,Neolithic,"Measurement",0
44307.2,738.45,Neolithic,"FoodStorage",0
47297.9,788.3,Neolithic,"CharcoalMaking",0
51410.1,856.83,Neolithic,"WaterManagement",0
56270.0,937.83,Neolithic,"Masonry",0
61503.7,1025.06,Neolithic,"AnimalFodder",0
66886.9,1114.78,Neolithic,"PermanentArchitecture",0
73615.9,1226.93,Neolithic,"IrrigationEngineering",0
77680.3,1294.67,Neolithic,"Mining_Tin",0
78076.2,1301.27,Neolithic,"WrittenRecords",0
78387.5,1306.46,Neolithic,"Smithing",0
78658.0,1310.97,Neolithic,"KilnEfficiency",0
78976.2,1316.27,Neolithic,"Smithing_Copper",0
79358.0,1322.63,Neolithic,"Mining_Iron",0
79723.9,1328.73,Neolithic,"VillageCrafts",0
80105.7,1335.1,Neolithic,"Smithing_Tin",0
80519.4,1341.99,Neolithic,"CropRotation",0
80964.9,1349.42,Neolithic,"CouncilGovernance",0
81241.5,1354.03,Neolithic,"Smithing_Iron",0
81556.4,1359.27,Neolithic,"Smithing_Bronze",0
83110.5,1385.18,Neolithic,"SmithingRevolution",0
83511.9,1391.87,Medieval,"OrganizedWatch",0
83960.5,1399.34,Medieval,"BronzeImplements",0
85219.8,1420.33,Medieval,"FeudalAdministration",0
86793.9,1446.57,Medieval,"Steelmaking",0
88525.4,1475.42,Medieval,"Bookmaking",0
89240.0,1487.33,Medieval,"MechanicalEngineering",0
89905.9,1498.43,Medieval,"ScholasticInstitutions",0
90294.6,1504.91,Medieval,"TradeRoutes",0
91486.3,1524.77,Medieval,"Industrialization",0
91684.3,1528.07,Industrial,"SteamPower",0
91921.9,1532.03,Industrial,"IndustrialWorkshop",0
92357.5,1539.29,Industrial,"GuildSystem",0
92615.5,1543.59,Industrial,"PetroleumExtraction",0
92885.2,1548.09,Industrial,"SilicaProcessing",0
93340.3,1555.67,Industrial,"MerchantAccounting",0
93654.9,1560.92,Industrial,"Coking",0
94126.8,1568.78,Industrial,"Fortification",0
94447.0,1574.12,Industrial,"UrbanHousing",0
94935.8,1582.26,Industrial,"ImprovedMilling",0
95424.6,1590.41,Industrial,"PublicHealth",0
95909.4,1598.49,Industrial,"Astronomy",0
96193.8,1603.23,Industrial,"StandingArmy",0
96449.8,1607.5,Industrial,"RoadEngineering",0
96722.3,1612.04,Industrial,"MechanicalPrinting",0
96962.6,1616.04,Industrial,"Gunpowder",0
97184.4,1619.74,Industrial,"MetallurgicalStandards",0
97424.7,1623.75,Industrial,"CastleArchitecture",0
97683.5,1628.06,Industrial,"ArsenalOrganization",0
