TimeSeconds,Minute,TechLevel,Upgrade,TargetCount,Detail
12096.0,201.6,Medieval,"KnowledgeCircle->ScribeHut",1,"recovery=0.8"
12106.0,201.77,Medieval,"KnowledgeCircle->ScribeHut",2,"recovery=0.8"
12116.0,201.93,Medieval,"KnowledgeCircle->ScribeHut",3,"recovery=0.8"
12636.0,210.6,Medieval,"KnowledgeCircle->ScribeHut",4,"recovery=0.8"
12646.0,210.77,Medieval,"KnowledgeCircle->ScribeHut",5,"recovery=0.8"
13116.0,218.6,Medieval,"WoodHouse->StoneHouse",1,"recovery=0.8"
13126.0,218.77,Medieval,"WoodHouse->StoneHouse",2,"recovery=0.8"
13136.0,218.93,Medieval,"WoodHouse->StoneHouse",3,"recovery=0.8"
13146.0,219.1,Medieval,"WoodHouse->StoneHouse",4,"recovery=0.8"
13156.0,219.27,Medieval,"WoodHouse->StoneHouse",5,"recovery=0.8"
13166.0,219.43,Medieval,"WoodHouse->StoneHouse",6,"recovery=0.8"
13176.0,219.6,Medieval,"WoodHouse->StoneHouse",7,"recovery=0.8"
13186.0,219.77,Medieval,"WoodHouse->StoneHouse",8,"recovery=0.8"
13196.0,219.93,Medieval,"WoodHouse->StoneHouse",9,"recovery=0.8"
13206.0,220.1,Medieval,"WoodHouse->StoneHouse",10,"recovery=0.8"
13216.0,220.27,Medieval,"WoodHouse->StoneHouse",11,"recovery=0.8"
13226.0,220.43,Medieval,"WoodHouse->StoneHouse",12,"recovery=0.8"
13236.0,220.6,Medieval,"WoodHouse->StoneHouse",13,"recovery=0.8"
13246.0,220.77,Medieval,"WoodHouse->StoneHouse",14,"recovery=0.8"
13256.0,220.93,Medieval,"WoodHouse->StoneHouse",15,"recovery=0.8"
13266.0,221.1,Medieval,"WoodHouse->StoneHouse",16,"recovery=0.8"
13276.0,221.27,Medieval,"WoodHouse->StoneHouse",17,"recovery=0.8"
13286.0,221.43,Medieval,"WoodHouse->StoneHouse",18,"recovery=0.8"
13296.0,221.6,Medieval,"WoodHouse->StoneHouse",19,"recovery=0.8"
13306.0,221.77,Medieval,"WoodHouse->StoneHouse",20,"recovery=0.8"
13316.0,221.93,Medieval,"WoodHouse->StoneHouse",21,"recovery=0.8"
13326.0,222.1,Medieval,"WoodHouse->StoneHouse",22,"recovery=0.8"
13466.0,224.43,Medieval,"Farm->IrrigationWorks",1,"recovery=0.8"
13476.0,224.6,Medieval,"Farm->IrrigationWorks",2,"recovery=0.8"
13486.0,224.77,Medieval,"Farm->IrrigationWorks",3,"recovery=0.8"
13496.0,224.93,Medieval,"Farm->IrrigationWorks",4,"recovery=0.8"
13506.0,225.1,Medieval,"KnowledgeCircle->ScribeHut",6,"recovery=0.8"
13516.0,225.27,Medieval,"KnowledgeCircle->ScribeHut",7,"recovery=0.8"
13936.0,232.27,Medieval,"Smokehouse->Granary",1,"recovery=0.8"
13946.0,232.43,Medieval,"Smokehouse->Granary",2,"recovery=0.8"
13956.0,232.6,Medieval,"Smokehouse->Granary",3,"recovery=0.8"
13966.0,232.77,Medieval,"Smokehouse->Granary",4,"recovery=0.8"
47406.0,790.1,Industrial,"ScribeHut->Library",1,"recovery=0.8"
48006.0,800.1,Industrial,"ScribeHut->Library",2,"recovery=0.8"
48606.0,810.1,Industrial,"ScribeHut->Library",3,"recovery=0.8"
49206.0,820.1,Industrial,"ScribeHut->Library",4,"recovery=0.8"
49806.0,830.1,Industrial,"Library->Academy",1,"recovery=0.8"
50406.0,840.1,Industrial,"Library->Academy",2,"recovery=0.8"
51006.0,850.1,Industrial,"Library->Academy",3,"recovery=0.8"
51606.0,860.1,Industrial,"Library->Academy",4,"recovery=0.8"
52206.0,870.1,Industrial,"ScribeHut->Library",1,"recovery=0.8"
52806.0,880.1,Industrial,"Library->Academy",5,"recovery=0.8"
53406.0,890.1,Industrial,"ScribeHut->Library",1,"recovery=0.8"
54006.0,900.1,Industrial,"Library->Academy",6,"recovery=0.8"
54606.0,910.1,Industrial,"ScribeHut->Library",1,"recovery=0.8"
55206.0,920.1,Industrial,"Library->Academy",7,"recovery=0.8"
55806.0,930.1,Industrial,"SteamPlant->CentralPowerStation",1,"recovery=0.8"
56406.0,940.1,Industrial,"SteamPlant->CentralPowerStation",2,"recovery=0.8"
57006.0,950.1,Industrial,"SteamPlant->CentralPowerStation",3,"recovery=0.8"
57606.0,960.1,Industrial,"SteamPlant->CentralPowerStation",4,"recovery=0.8"
