"Metric","Value","Unit","Source","Status","Notes"
"ResourceCount","37","count","current_resources.csv","Measured","Static definition snapshot."
"BuildingCount","21","count","current_buildings.csv","Measured","Static definition snapshot."
"ResearchCount","30","count","current_researches.csv","Measured","Static definition snapshot."
"BuildingCount:Animal/原始","9","count","current_buildings.csv","Measured","Grouped by serialized TechLevel."
"BuildingCount:Neolithic/新石器","12","count","current_buildings.csv","Measured","Grouped by serialized TechLevel."
"ResearchCount:Animal/原始","13","count","current_researches.csv","Measured","Grouped by serialized TechLevel."
"ResearchCount:Neolithic/新石器","16","count","current_researches.csv","Measured","Grouped by serialized TechLevel."
"ResearchCount:Medieval/中世纪","1","count","current_researches.csv","Measured","Grouped by serialized TechLevel."
"ResourceCount:DisplaySet:0","7","count","current_resources.csv","Measured","Grouped by serialized display set."
"ResourceCount:DisplaySet:2","14","count","current_resources.csv","Measured","Grouped by serialized display set."
"ResourceCount:DisplaySet:1","7","count","current_resources.csv","Measured","Grouped by serialized display set."
"ResourceCount:DisplaySet:3","9","count","current_resources.csv","Measured","Grouped by serialized display set."
"ResourcesWithProducer","16","count","current_resource_source_sink_audit.csv","Measured","Producer field is present in the supplied static audit."
"ResourcesWithAnySink","14","count","current_resource_source_sink_audit.csv","Measured","Any sink includes building or research sinks."
"CurrentlyUnusedResources","21","count","current_resource_source_sink_audit.csv","Measured","Static audit classification; not a release decision."
"ResearchReachableFromNewGameStaticAudit","13","count","current_researches.csv","Measured","Copied from the supplied static audit column."
"AnimalReachableNominalResearchTime","55240","seconds","current_researches.csv","Derived","Sum of reachable Animal research BaseCost divided by expected ResearchPower=1/s."
"AnimalToNeolithicEstimatedTime","NotDerivable","seconds","current_researches.csv","Blocked","No statically reachable Neolithic transition is present; requires C1 fixes and simulation."
"NeolithicToMedievalEstimatedTime","NotDerivable","seconds","current_researches.csv","Blocked","No statically reachable Medieval transition is present; requires C1 fixes and simulation."
"BuildingFirstCopyPayback","NotDerivable","seconds","current_buildings.csv","MissingModel","The snapshot has material requirements and outputs but no resource valuation, workforce schedule, or construction-time model."
"ResearchPowerAssumption","1","research/s","balance-model.md","Assumption","Temporary baseline only; replace with measured ResearchPower after C2."
