"Id","HasProducer","BuildingSinks","ResearchSinks","WorkshopSinks","TotalIndependentSinks","HasStrategicSink"
"Bronze","True","17","15","3","35","True"
"Chemical","True","5","15","6","26","False"
"Clay","True","7","14","0","21","True"
"Cloth","True","13","18","4","35","False"
"Coal","True","11","13","0","24","True"
"Coke","True","2","6","3","11","False"
"Copper","True","5","3","0","8","False"
"CopperOre","True","1","2","0","3","False"
"CopperWire","True","2","10","4","16","False"
"CrudeOil","True","2","1","0","3","False"
"Electronics","True","5","2","3","10","False"
"Engine","True","3","2","3","8","False"
"Glass","True","0","0","3","3","False"
"IndustrialCeramic","True","0","0","2","2","False"
"Iron","True","4","2","0","6","True"
"IronOre","True","1","2","0","3","False"
"Lubricant","True","2","1","2","5","False"
"Machinery","True","5","6","7","18","False"
"PlantFiber","True","3","4","0","7","True"
"Pottery","True","11","18","2","31","False"
"PrecisionParts","True","4","2","4","10","False"
"RefinedFuel","True","5","1","0","6","False"
"Rubber","True","0","1","1","2","False"
"Silica","True","1","0","1","2","False"
"Steel","True","23","31","9","63","True"
"StoneBrick","True","32","17","1","50","False"
"StoneChunk","True","12","16","0","28","True"
"Tin","True","2","1","0","3","False"
"TinOre","True","1","1","0","2","False"
"WoodLog","True","48","34","1","83","True"
