"编号","领域","事项","证据","预期玩法影响","建议验证方式","严重度","交叉印证"
"B01","资源链/区域军事","战役补给需求超可持续产能 1-4 个数量级","Sirius 战役 PhaseMaterial 800/s、Engine 1200/s、RocketFuel 3666.67/s（asset:48-70 已核验）对比单建筑产能 0.008/0.2/14；需合成阵列约 10 万座","四场远星战役稳态不可支付；囤积路径 PhaseMaterial 约 5.1 年，Spacer 终局玩法死墙","离线模拟跑稳态收支输出需求/产能比表；重定标后复验","H","02+03+04 交叉确认"
"B02","区域军事","战役奖励仅为投入的 0.02%-0.3%","AlphaCentauri 奖励 85000 vs 投入 2841 万-1.24 亿；Sirius 奖励 320000 vs 投入 3.96 亿-17.2 亿","违反后期战役奖励必须够大的锁定规则；理性策略是完全跳过远星战役","账面投入/奖励审计（含 Territory 折算）","H",""
"B03","区域军事","Food 容量缓冲极薄且战役进度衰减抹除投入","战役 Food 2000-4666.67/s 对 OrbitalStation 容量 30000 仅 6.4-15 秒缓冲；非活动衰减约 50 分钟清零（SectorManager.cs:1089）","产能闪断几十秒即停摆；停摆 50 分钟补给白付","PlayMode 断电断料 60 秒观察停摆与衰减路径","M",""
"B04","区域军事","敌方强度曲线过平","enemyPower 900-6000 对比军事乘数 4.70 下 1-5 座 Shipyard 即满 ratio","军事门槛不可感知，真正门槛全在补给层","记录每场 ratio 与所需建筑数；重排 enemyPower","L",""
"B05","人口","IndustrialAgriculture 食物乘数 6.075 离群","IndustrialAgriculture.asset:38 value=6.075（已核验）对比同类次大 1.5；全局食物乘数堆叠约 186x","Industrial 起食物永远过剩（1 座 PlantingField 养约 2892 人）；幸福恒顶格 1.5；6 条食物工坊失效","把 6.075 拆为 1.5-2 档并下放工坊；Unity 运行时记录盈余曲线","H","01+05 交叉确认"
"B06","人口","幸福净亏惩罚过陡且与可用性双通道叠加","HappinessFormula.cs:67-79：净亏 -10/10人 时乘数 0.0909；availability 0.5 再乘","短暂断供即把全部无电/耗粮建筑砍到不足 10% 产出，连锁崩经济且无预警","PlayMode 断供场景记录各建筑效率曲线","H",""
"B07","人口","满载食物容量缓冲收紧至约 8 秒","Industrial 960 人×0.8=768/s 对容量约 6050；Spacer 约 17 秒","断供 8-17 秒见底后触发人口离场；资源链先崩","PlayMode 验证断供体感","M",""
"B08","科研","TL3→TL4 科研成本断崖：+1243x 而产能仅约 5x","时代成本总和 30.77M→38.24G；时代门 InterstellarNavigation 227.5M 为 TL3 顶点 2.7M 的 84 倍","Spacer 纯科研约为 Industrial 的 200 倍时长，与 offline pacing 验收长期失败方向一致","静态推导目标时长对照表；重定 Spacer 早期成本带","H",""
"B09","科研","TechnologicalSingularity：全树最高成本且 effects 为空","BaseCost 5.5e11 = 全 Spacer 其余 47 条总和的 14.4 倍；effects:[]（asset:37 已核验）；Story 17/18 终章依赖它","付出 14.4 倍时代总量后零收益；剧情终章卡死墙","编辑器校验加空效果检测；补克制真实全局效果","H","01+05 交叉确认"
"B10","科研","五个时代门节点恒定 0.667x 减速放大断崖","ResearchManager.cs:829-834 门节点 TechLevel=当前+1 时按跨代公式减速","最大的门被额外拖慢 50%，放大 Spacer 断崖","确认是否故意；若非，门按当前代速度计算","L",""
"B11","科研","死效果节点：Woodworking 与 MatterStateControlTheory","Type 5 value 0.95 经加法归一后无效（ProgressionModifierManager.cs:184-188）；Type 22 的 0.12 恒被 Industrialization 0.5 压制","节点宣称收益不存在；4.5e9 顶点科研含无效效果","运行时断言完成前后乘数不变；改值或删","M",""
"B12","科研","MechanicalEngineering/Steelmaking 成本脱离时代带 10-15 倍","13392/18144 对比同代 130k-270k；且两者是时代门 Industrialization 前置","工业入口被拉平，Medieval 后段反成相对高峰","按目标时长×预期 RP 复核推导成本","M","B34/E34(全仓仅这 3 个节点被测试锁定)"
"B13","科研","OrbitalResourceExtractionArray 四重加成集中","1.30+1.25+1.28+1.12 加性堆至 1.95x","采掘侧科研收益过度集中，主题错位观感","拆 1-2 条改资源向或新建筑","L",""
"B14","科研","Coking/MechanizedForestry 前向引用 Spacer 建筑","TL3 科研的加成目标是 Orbital 系建筑","工业阶段性价比评估失真（收益跨代兑现）","与内容组确认意图；非有意则改指 Industrial 同类建筑","L",""
"B15","建筑","RareMetalMine 与 TitaniumMetallurgicalComplex 的 productivityConsumption=12 笔误嫌疑","两 asset:22 均为 12（已核验）对比同梯队 MechanizedCoalMine 130/MechanizedTextileMill 120/NickelRefinery 95","矿石/钛链在生产力轴近乎免费，易滥建；Spacer 门槛被比设计更廉价地通过","与设计意图核对后改 90-160；模拟矿石链投产节奏","H",""
"B16","建筑","University 支配 Spacer 研究建筑","每千价值研究力 University 42.8 对比 QCA 2.7/ITN 0.3/DSO 0.35","理性解永远堆 University，Spacer 研究建筑一次性化","先核对工坊每建筑 RP 倍率是否已逆转；否则按 E16 重做效果","H","E16 同源"
"B17","建筑","Spacer 研究类 costGrowth 1.24-1.30 全超文档建议带","ITN 1.30、QCA 1.28、PMSA 1.26、DSO/DSR 1.24 对比建议带 1.18-1.20","多副本被超重惩罚，与新建筑弱势叠加后一次购买即废","回归类别带或奇观化限购","M","03+06 交叉确认"
"B18","建筑","回本带失真：SteelForge 约 15 分钟、CokeOven 约 90 分钟、MechanizedCoalMine 约 33 分钟","静态回本估算（03 报告 4.1 折价假设）超 balance-model 带 3.8-43 倍","中古/工业关键链投资回收过慢且无校验器拦截","按时代重定回本带并新增 Editor 校验器","M","E34 联动"
"B19","建筑","TitaniumMetallurgicalComplex 按折价模型净产出为负","消 2.4 TiConc/s 产 0.45 TiAlloy/s（收率 18.75%）","若真实价值结构如此则 TMC 是纯亏门槛建筑","用 TiAlloy 实际用途重估折价并模拟","M",""
"B20","建筑","EarthMoonLogisticsHub growth=1.01+maxAmount=1 组合地雷","asset:20-51","当前惰性（奇观规则）；若未来放开 maxAmount 即近平价无限复制 320 物流/s","maxAmount 保持 1 并加断言；放开前必须先改 growth","M","03+06 交叉确认"
"B21","建筑","CharcoalKiln 被同代 CoalMine 全面支配","成本更高且耗 2 Wood/s 产 0.8 Coal/s 对比 CoalMine 无输入产 1.5/s","同代同产物只剩叙事价值（领土模型下无矿点差异）","差异化定位或下调成本上移产率","L",""
"B22","建筑","老建筑电力持续占优（正面结论+对照项）","CPS/SteamPlant 0.0225 vs 0.0175 价值/电 在 Spacer 仍具竞争力","正面：老建筑持续有用成立；Spacer 缺更优电源","若做核电站（E12）注意避免重复老建筑支配模式","信息级",""
"B23","人口","超容量离场为死代码","AdvancePopulation 不调用 AdvanceDeparture（PopulationState.cs:230-257）；departureAllowance 参数链实际无效","人口超容量永不回落；与模拟器双实现漂移点一致","与 2026-09-10 审计合并处理；先测试固化现状再清理","M","06(已知漂移)"
"B24","人口","幸福惩罚精确断言测试失败","FlowEfficiencyTests.cs:65 Is.EqualTo(1/11) 失败（2026-09-11 测试 660 中 2 失败之一）","断言卫生问题，违反数值断言规则","改 Within 容差或关系断言","M",""
"B25","人口","模拟器硬编码食物消耗 0.8 双份","tools/NewEconomySimulator/SimulationCore.cs:391;455","运行时改消耗常量时模拟器静默漂移","以 PopulationState 常量为唯一来源","M",""
"B26","剧情","终章依赖零效果超高成本研究+远星占领","TheOldBoundary_17 需 TechnologicalSingularity 5.5e11+4 项 Spacer 研究+AlphaCentauri/ProximaB 占领","内容终点投入无回报+补给死墙（B01/B09 复合）","见 E10/B09；剧情 UI 前置条件提示","M","B01+B09 复合"
"B27","基线","校验器盲区：回本目标、奖励下限、costGrowth 静默回退、第 41 个资源逃逸审计","SectorValidator.cs:303-318 仅查>0；Building.cs:141-147 growth<1 静默回退 1.15；资源 source/sink 审计硬编码 40 个 ReleasedResourceIds","未来新内容可合法写出垃圾数值而不被拦截","按清单补校验器断言","M","04+06 交叉"
"B28","基线","测试层约 40 处裸精确相等违反数值断言规则","2026-09-10 审计测试层清单；TestResults/Latest-Test-Errors.txt FAILURE 1","数值重构时测试误报，掩盖真实节奏回归","按审计清单改 Within/关系断言","M","06 主报"
"B29","基线","节奏基线缺失：目标时长文档与 pacing 失败并存、冻结诊断为空","balance-model.md:39-46 目标时长；data/economy-simulation 目录为空（已核验）","节奏调整失去对账基线","静态重建目标时长对照表（E34）","高(对节奏工作)",""
"B30","资源链","Electronics 单源 0.35/s 承接 Spacer 全部智能化需求","WireMill 生成 0.35（asset:48 已核验）对比均衡需求约 5/s","14/s 稳态需约 40 座 WireMill，钢累计约 3.67e6","WireMill 回本与边际造价模拟；升级链 E08","H","02+03 交叉确认"
"B31","资源链","Machinery/Concrete/Glass 单源对巨型结构缺口","单源 1-2/s 对比单座 OREA 需 14400 Machinery+21600 Concrete","每座巨构 2.5-6.5 小时单点积累，多座排队超 Spacer 总时长","求 Spacer 建筑成本/单源产能时间表","H","02+03 交叉确认"
"B32","资源链","轨道前科研墙 160000-360000 矿物","AutonomousOrbitalMining 需 BauxiteOre 160000 对比 RareMetalMine 2/s 且 growth 1.18","单矿 22 小时纯积累","离线求科研资源首达时间分布（目标 2-4 小时/项）","M",""
"B33","资源链","RocketFuel 战役流对产能不可达","战役 1666-3666/s 对比 14/s/座，三级反推需 306 座采油综合体","战役燃料流不可完成","随 B01 重定标一并处理","H","B01 复合"
"B34","科研","TechnologicalSingularity 单节点时长 22-246 天","5.5e11/38.24G=14.38 倍时代总量；另受 0.667x 门减速；重度 RP 情景也要 78.6 天","终局门前永远点不完的墙","随 E10/B09 一并处理（降 1-2 数量级或配 Ultra RP 产能）","H","B09 复合"
