FirstSeconds,LastSeconds,Route,Subsystem,Outcome,Candidate,RepeatCount,Reason
0,43445,Conservative,"Workshop","Blocked","",159,"industrial-workshop system is locked"
0,0,Conservative,"Building","Waiting","",1,"productivity or territory is insufficient"
0,0,Conservative,"Research","Selected","Agriculture",1,"score=240.275"
1,26,Conservative,"Research","Waiting","Agriculture",26,"complete resource cost is not yet affordable"
27,27,Conservative,"Research","Paid","Agriculture",1,"complete resource cost paid atomically"
88,88,Conservative,"Research","Completed","Agriculture",1,"elapsed=88s"
270,270,Conservative,"Building","Constructed","WoodHouse",1,"score=145; count=1"
300,300,Conservative,"Research","Selected","ControlledFire",1,"score=153.662"
301,301,Conservative,"Research","Paid","ControlledFire",1,"complete resource cost paid atomically"
313,313,Conservative,"Research","Completed","ControlledFire",1,"elapsed=13s"
540,540,Conservative,"Building","Constructed","Farm",1,"score=410; count=1"
600,600,Conservative,"Research","Selected","ClayExtraction",1,"score=146.437"
601,601,Conservative,"Research","Paid","ClayExtraction",1,"complete resource cost paid atomically"
652,652,Conservative,"Research","Completed","ClayExtraction",1,"elapsed=52s"
810,810,Conservative,"Building","Constructed","ClayPit",1,"score=270; count=1"
900,900,Conservative,"Research","Selected","Quarry",1,"score=70.05"
901,901,Conservative,"Research","Paid","Quarry",1,"complete resource cost paid atomically"
926,926,Conservative,"Research","Completed","Quarry",1,"elapsed=26s"
1080,1080,Conservative,"Building","Constructed","FiberGatheringCamp",1,"score=270; count=1"
1200,1200,Conservative,"Research","Selected","StoneTools",1,"score=185.859"
1201,1632,Conservative,"Research","Waiting","StoneTools",432,"complete resource cost is not yet affordable"
1350,1350,Conservative,"Building","Constructed","WoodHouse",1,"score=25; count=2"
1620,1620,Conservative,"Building","Constructed","Quarry",1,"score=320; count=1"
1633,1633,Conservative,"Research","Paid","StoneTools",1,"complete resource cost paid atomically"
1793,1793,Conservative,"Research","Completed","StoneTools",1,"elapsed=593s"
1793,1793,Conservative,"Research","Selected","Mining",1,"score=165.937"
1794,1794,Conservative,"Research","Paid","Mining",1,"complete resource cost paid atomically"
1890,1890,Conservative,"Building","Constructed","Farm",1,"score=290; count=2"
2160,2160,Conservative,"Building","Constructed","WoodHouse",1,"score=25; count=3"
2191,2191,Conservative,"Research","Completed","Mining",1,"elapsed=398s"
2191,2191,Conservative,"Research","Selected","Woodworking",1,"score=73.503"
2192,2192,Conservative,"Research","Paid","Woodworking",1,"complete resource cost paid atomically"
2430,2430,Conservative,"Building","Constructed","StoneCuttingWorkshop",1,"score=160; count=1"
2440,2440,Conservative,"Research","Completed","Woodworking",1,"elapsed=249s"
2491,2491,Conservative,"Research","Selected","KnowledgeSharing",1,"score=58.05"
2492,2492,Conservative,"Research","Paid","KnowledgeSharing",1,"complete resource cost paid atomically"
2700,2700,Conservative,"Building","Constructed","Lumberyard",1,"score=620; count=1"
2764,2764,Conservative,"Research","Completed","KnowledgeSharing",1,"elapsed=273s"
2791,2791,Conservative,"Research","Selected","HerbalKnowledge",1,"score=-5.153"
2792,2792,Conservative,"Research","Paid","HerbalKnowledge",1,"complete resource cost paid atomically"
2959,2959,Conservative,"Research","Completed","HerbalKnowledge",1,"elapsed=168s"
2970,2970,Conservative,"Building","Constructed","Lumberyard",1,"score=500; count=2"
3091,3091,Conservative,"Research","Selected","AnimalHusbandry",1,"score=-13.563"
3092,3092,Conservative,"Research","Paid","AnimalHusbandry",1,"complete resource cost paid atomically"
3139,3139,Conservative,"Research","Completed","AnimalHusbandry",1,"elapsed=48s"
3240,3240,Conservative,"Building","Constructed","FiberGatheringCamp",1,"score=150; count=2"
3391,3391,Conservative,"Research","Selected","NeolithicSettlement",1,"score=296.279"
3392,3392,Conservative,"Research","Paid","NeolithicSettlement",1,"complete resource cost paid atomically"
3510,3510,Conservative,"Building","Constructed","WoodHouse",1,"score=25; count=4"
3780,3780,Conservative,"Building","Constructed","Quarry",1,"score=200; count=2"
4050,4050,Conservative,"Building","Constructed","ClayPit",1,"score=150; count=2"
4320,4320,Conservative,"Building","Constructed","WoodHouse",1,"score=25; count=5"
4590,4590,Conservative,"Building","Constructed","StoneCuttingWorkshop",1,"score=40; count=2"
4744,4744,Conservative,"Research","Completed","NeolithicSettlement",1,"elapsed=1353s"
4744,4744,Conservative,"Research","Selected","CeramicFiring",1,"score=215.937"
4745,5724,Conservative,"Research","Waiting","CeramicFiring",980,"complete resource cost is not yet affordable"
4860,4860,Conservative,"Building","Constructed","KnowledgeCircle",1,"score=220; count=1"
5130,5130,Conservative,"Building","Constructed","KnowledgeCircle",1,"score=100; count=2"
5400,5400,Conservative,"Building","Constructed","MetalMine",1,"score=380; count=1"
5670,5670,Conservative,"Building","Constructed","CoalMine",1,"score=270; count=1"
5725,5725,Conservative,"Research","Paid","CeramicFiring",1,"complete resource cost paid atomically"
5940,5940,Conservative,"Building","Constructed","MetalMine",1,"score=260; count=2"
5977,5977,Conservative,"Research","Completed","CeramicFiring",1,"elapsed=1233s"
5977,5977,Conservative,"Research","Selected","TextileCraft",1,"score=136.551"
5978,5978,Conservative,"Research","Paid","TextileCraft",1,"complete resource cost paid atomically"
6202,6202,Conservative,"Research","Completed","TextileCraft",1,"elapsed=225s"
6210,6210,Conservative,"Building","Constructed","WeavingWorkshop",1,"score=190; count=1"
6277,6277,Conservative,"Research","Selected","CharcoalMaking",1,"score=49.662"
6278,6278,Conservative,"Research","Paid","CharcoalMaking",1,"complete resource cost paid atomically"
6480,6480,Conservative,"Building","Constructed","CeramicKiln",1,"score=184; count=1"
6750,6750,Conservative,"Building","Constructed","CoalMine",1,"score=150; count=2"
7020,7020,Conservative,"Building","Constructed","WeavingWorkshop",1,"score=70; count=2"
7120,7120,Conservative,"Research","Completed","CharcoalMaking",1,"elapsed=843s"
7120,7120,Conservative,"Research","Selected","Mathematics",1,"score=-23.765"
7121,7121,Conservative,"Research","Paid","Mathematics",1,"complete resource cost paid atomically"
7290,7290,Conservative,"Building","Constructed","CharcoalKiln",1,"score=140; count=1"
7479,7479,Conservative,"Research","Completed","Mathematics",1,"elapsed=359s"
7479,7479,Conservative,"Research","Selected","Calendar",1,"score=-9.345"
7480,7480,Conservative,"Research","Paid","Calendar",1,"complete resource cost paid atomically"
7560,7560,Conservative,"Building","Constructed","CeramicKiln",1,"score=64; count=2"
7789,7789,Conservative,"Research","Completed","Calendar",1,"elapsed=310s"
7789,7789,Conservative,"Research","Selected","WrittenRecords",1,"score=144.245"
7790,7790,Conservative,"Research","Paid","WrittenRecords",1,"complete resource cost paid atomically"
7830,7830,Conservative,"Building","Constructed","WoodHouse",1,"score=25; count=6"
8100,8100,Conservative,"Building","Constructed","WoodHouse",1,"score=25; count=7"
8370,8370,Conservative,"Building","Constructed","WoodHouse",1,"score=25; count=8"
8507,8507,Conservative,"Research","Completed","WrittenRecords",1,"elapsed=718s"
8507,8507,Conservative,"Research","Selected","FoodPreservation",1,"score=55.937"
8508,8508,Conservative,"Research","Paid","FoodPreservation",1,"complete resource cost paid atomically"
8640,8910,Conservative,"Building","Upgraded","KnowledgeCircle->ScribeHut",2,"eligible upgrade chain selected"
8756,8756,Conservative,"Research","Completed","FoodPreservation",1,"elapsed=249s"
8807,8807,Conservative,"Research","Selected","NaturalPhilosophy",1,"score=-11.366"
8808,8808,Conservative,"Research","Paid","NaturalPhilosophy",1,"complete resource cost paid atomically"
9060,9060,Conservative,"Research","Completed","NaturalPhilosophy",1,"elapsed=253s"
9107,9107,Conservative,"Research","Selected","VillageOrganization",1,"score=-25.109"
9108,9108,Conservative,"Research","Paid","VillageOrganization",1,"complete resource cost paid atomically"
9180,9180,Conservative,"Building","Constructed","Smokehouse",1,"score=215; count=1"
9268,9268,Conservative,"Research","Completed","VillageOrganization",1,"elapsed=161s"
9407,9407,Conservative,"Research","Selected","OrganizedDefense",1,"score=-25.563"
9408,9408,Conservative,"Research","Paid","OrganizedDefense",1,"complete resource cost paid atomically"
9450,9450,Conservative,"Building","Constructed","Smokehouse",1,"score=95; count=2"
9572,9572,Conservative,"Research","Completed","OrganizedDefense",1,"elapsed=165s"
9707,9707,Conservative,"Research","Selected","Measurement",1,"score=-27.062"
9708,9708,Conservative,"Research","Paid","Measurement",1,"complete resource cost paid atomically"
9720,9720,Conservative,"Building","Constructed","WoodHouse",1,"score=25; count=9"
9863,9863,Conservative,"Research","Completed","Measurement",1,"elapsed=156s"
9990,9990,Conservative,"Building","Constructed","WoodHouse",1,"score=25; count=10"
10007,10007,Conservative,"Research","Selected","Masonry",1,"score=62.847"
10008,10008,Conservative,"Research","Paid","Masonry",1,"complete resource cost paid atomically"
10260,10260,Conservative,"Building","Constructed","WoodHouse",1,"score=25; count=11"
10499,10499,Conservative,"Research","Completed","Masonry",1,"elapsed=492s"
10499,10499,Conservative,"Research","Selected","IrrigationEngineering",1,"score=61.272"
10500,10500,Conservative,"Research","Paid","IrrigationEngineering",1,"complete resource cost paid atomically"
10530,11340,Conservative,"Building","Upgraded","WoodHouse->StoneHouse",4,"eligible upgrade chain selected"
11405,11405,Conservative,"Research","Completed","IrrigationEngineering",1,"elapsed=906s"
11405,11405,Conservative,"Research","Selected","Smithing_Copper",1,"score=59.887"
11406,11406,Conservative,"Research","Paid","Smithing_Copper",1,"complete resource cost paid atomically"
11610,11880,Conservative,"Building","Upgraded","Farm->IrrigationWorks",2,"eligible upgrade chain selected"
12150,12690,Conservative,"Building","Upgraded","WoodHouse->StoneHouse",3,"eligible upgrade chain selected"
12414,12414,Conservative,"Research","Completed","Smithing_Copper",1,"elapsed=1009s"
12414,12414,Conservative,"Research","Selected","FoodStorage",1,"score=51.521"
12415,12415,Conservative,"Research","Paid","FoodStorage",1,"complete resource cost paid atomically"
12712,12712,Conservative,"Research","Completed","FoodStorage",1,"elapsed=298s"
12714,12714,Conservative,"Research","Selected","CropRotation",1,"score=-19.367"
12715,12715,Conservative,"Research","Paid","CropRotation",1,"complete resource cost paid atomically"
12960,13230,Conservative,"Building","Upgraded","Smokehouse->Granary",2,"eligible upgrade chain selected"
13500,14310,Conservative,"Building","Upgraded","WoodHouse->StoneHouse",4,"eligible upgrade chain selected"
13726,13726,Conservative,"Research","Completed","CropRotation",1,"elapsed=1012s"
13726,13726,Conservative,"Research","Selected","AnimalFodder",1,"score=-31.141"
13727,13727,Conservative,"Research","Paid","AnimalFodder",1,"complete resource cost paid atomically"
14352,14352,Conservative,"Research","Completed","AnimalFodder",1,"elapsed=626s"
14352,14352,Conservative,"Research","Selected","VillageCrafts",1,"score=-33.95"
14353,14950,Conservative,"Research","Waiting","VillageCrafts",598,"complete resource cost is not yet affordable"
14580,14580,Conservative,"Building","Constructed","MetalSmelter",1,"score=285; count=1"
14850,14850,Conservative,"Building","Constructed","MetalSmelter",1,"score=165; count=2"
14951,14951,Conservative,"Research","Paid","VillageCrafts",1,"complete resource cost paid atomically"
15120,15120,Conservative,"Building","Constructed","StoneHouse",1,"score=70; count=12"
15390,15390,Conservative,"Building","Constructed","CharcoalKiln",1,"score=20; count=2"
15660,30245,Conservative,"Building","Waiting","",55,"productivity or territory is insufficient"
16238,16238,Conservative,"Research","Completed","VillageCrafts",1,"elapsed=1886s"
16238,16238,Conservative,"Research","Selected","CouncilGovernance",1,"score=-34.754"
16239,16239,Conservative,"Research","Paid","CouncilGovernance",1,"complete resource cost paid atomically"
17768,17768,Conservative,"Research","Completed","CouncilGovernance",1,"elapsed=1530s"
17768,17768,Conservative,"Research","Selected","Smithing_Bronze",1,"score=-36.867"
17769,17769,Conservative,"Research","Paid","Smithing_Bronze",1,"complete resource cost paid atomically"
19989,19989,Conservative,"Research","Completed","Smithing_Bronze",1,"elapsed=2221s"
19989,19989,Conservative,"Research","Selected","OrganizedWatch",1,"score=-35.765"
19990,19990,Conservative,"Research","Paid","OrganizedWatch",1,"complete resource cost paid atomically"
21787,21787,Conservative,"Research","Completed","OrganizedWatch",1,"elapsed=1798s"
21787,21787,Conservative,"Research","Selected","Smithing_Iron",1,"score=-36.345"
21788,21788,Conservative,"Research","Paid","Smithing_Iron",1,"complete resource cost paid atomically"
23796,23796,Conservative,"Research","Completed","Smithing_Iron",1,"elapsed=2009s"
23796,23796,Conservative,"Research","Selected","FeudalAdministration",1,"score=-63.725"
23797,23797,Conservative,"Research","Paid","FeudalAdministration",1,"complete resource cost paid atomically"
28554,28554,Conservative,"Research","Completed","FeudalAdministration",1,"elapsed=4758s"
28554,28554,Conservative,"Research","Selected","Steelmaking",1,"score=88.895"
28555,28555,Conservative,"Research","Paid","Steelmaking",1,"complete resource cost paid atomically"
30465,30465,Conservative,"Research","Completed","Steelmaking",1,"elapsed=1911s"
30465,30465,Conservative,"Research","Selected","MechanicalEngineering",1,"score=-19.522"
30475,30975,Conservative,"Research","Waiting","MechanicalEngineering",51,"complete resource cost is not yet affordable"
30515,30515,Conservative,"Building","Constructed","SteelForge",1,"score=160; count=1"
30785,30785,Conservative,"Building","Constructed","SteelForge",1,"score=40; count=2"
30985,30985,Conservative,"Research","Paid","MechanicalEngineering",1,"complete resource cost paid atomically"
31055,154145,Conservative,"Building","Waiting","",413,"productivity or territory is insufficient"
32395,32395,Conservative,"Research","Completed","MechanicalEngineering",1,"elapsed=1930s"
32395,32395,Conservative,"Research","Selected","Industrialization",1,"score=607.585"
32405,32405,Conservative,"Research","Paid","Industrialization",1,"complete resource cost paid atomically"
35515,35515,Conservative,"Research","Completed","Industrialization",1,"elapsed=3120s"
35515,35515,Conservative,"Research","Selected","IndustrialWorkshop",1,"score=955.549"
35525,35525,Conservative,"Research","Paid","IndustrialWorkshop",1,"complete resource cost paid atomically"
43505,43505,Conservative,"Research","Completed","IndustrialWorkshop",1,"elapsed=7990s"
43505,43505,Conservative,"Research","Selected","PetroleumExtraction",1,"score=209.503"
43565,43565,Conservative,"Research","Paid","PetroleumExtraction",1,"complete resource cost paid atomically"
43745,43745,Conservative,"Workshop","Purchased","DraftingTables",1,"score=49.52"
44045,59945,Conservative,"Workshop","Waiting","",54,"no prerequisite-complete upgrade"
53345,53345,Conservative,"Research","Completed","PetroleumExtraction",1,"elapsed=9840s"
53345,53345,Conservative,"Research","Selected","SteamPower",1,"score=116.499"
53405,53405,Conservative,"Research","Paid","SteamPower",1,"complete resource cost paid atomically"
60065,60065,Conservative,"Research","Completed","SteamPower",1,"elapsed=6720s"
60065,60065,Conservative,"Research","Selected","Coking",1,"score=383.246"
60125,60125,Conservative,"Research","Paid","Coking",1,"complete resource cost paid atomically"
60245,72245,Conservative,"Workshop","Waiting","",41,"upgrade resources are insufficient"
72545,72545,Conservative,"Research","Completed","Coking",1,"elapsed=12480s"
72545,72545,Conservative,"Workshop","Purchased","CokeOvenOptimization",1,"score=49.18"
72545,72545,Conservative,"Research","Selected","Standardization",1,"score=105.491"
72605,72605,Conservative,"Research","Paid","Standardization",1,"complete resource cost paid atomically"
72845,2591945,Conservative,"Workshop","Waiting","",8398,"upgrade resources are insufficient"
127745,127745,Conservative,"Research","Completed","Standardization",1,"elapsed=55200s"
127745,127745,Conservative,"Research","Selected","Bookmaking",1,"score=31.388"
127805,127805,Conservative,"Research","Paid","Bookmaking",1,"complete resource cost paid atomically"
154445,154445,Conservative,"Research","Completed","Bookmaking",1,"elapsed=26700s"
154445,154745,Conservative,"Building","Upgraded","ScribeHut->Library",2,"eligible upgrade chain selected"
154445,154445,Conservative,"Research","Selected","ScholasticInstitutions",1,"score=45.891"
154505,154505,Conservative,"Research","Paid","ScholasticInstitutions",1,"complete resource cost paid atomically"
155045,161045,Conservative,"Building","Waiting","",21,"productivity or territory is insufficient"
161345,161345,Conservative,"Research","Completed","ScholasticInstitutions",1,"elapsed=6900s"
161345,161645,Conservative,"Building","Upgraded","Library->Academy",2,"eligible upgrade chain selected"
161345,161345,Conservative,"Research","Selected","TradeRoutes",1,"score=30.891"
161405,161405,Conservative,"Research","Paid","TradeRoutes",1,"complete resource cost paid atomically"
161945,169745,Conservative,"Building","Waiting","",27,"productivity or territory is insufficient"
165785,165785,Conservative,"Research","Completed","TradeRoutes",1,"elapsed=4440s"
165785,165785,Conservative,"Research","Selected","ElectricalEngineering",1,"score=29.275"
165845,165845,Conservative,"Research","Paid","ElectricalEngineering",1,"complete resource cost paid atomically"
169805,169805,Conservative,"Research","Completed","ElectricalEngineering",1,"elapsed=4020s"
169805,169805,Conservative,"Research","Selected","PowerGridEngineering",1,"score=358.549"
169865,169865,Conservative,"Research","Paid","PowerGridEngineering",1,"complete resource cost paid atomically"
170045,170045,Conservative,"Building","Constructed","WireMill",1,"score=253; count=1"
170345,170345,Conservative,"Building","Constructed","WireMill",1,"score=133; count=2"
170645,181445,Conservative,"Building","Waiting","",37,"productivity or territory is insufficient"
181745,181745,Conservative,"Research","Completed","PowerGridEngineering",1,"elapsed=11940s"
181745,181745,Conservative,"Building","Constructed","OilDerrick",1,"score=417.6; count=1"
181745,181745,Conservative,"Research","Selected","IndustrialChemistry",1,"score=300.437"
181805,2592000,Conservative,"Research","Waiting","IndustrialChemistry",40171,"complete resource cost is not yet affordable"
182045,182045,Conservative,"Building","Constructed","OilDerrick",1,"score=297.6; count=2"
182345,2591945,Conservative,"Building","Waiting","",8033,"productivity or territory is insufficient"
